S1.G10	nENearly1
S2.B4	nENearly1
S2.A6	nENearly1
S2.E7	nENearly1
S2.F8	nENearly1
S2.C9	nENearly1
S50.D11	nENearly1
S51.B2	nENearly1
S23.A1	nENearly1
S23.A2	nENearly1
S23.E5	nENearly1
S23.G11	nENearly1
S82.D3	nENearly1
S82.B9	nENearly1
S82.C9	nENearly1
S82.E9	nENearly1
S82.C10	nENearly1
S82.A11	nENearly1
S82.C11	nENearly1
S82.B12	nENearly1
S82.C12	nENearly1
S83.B1	nENearly1
S83.H1	nENearly1
S83.B2	nENearly1
S83.D3	nENearly1
S83.G3	nENearly1
S83.H3	nENearly1
S83.B4	nENearly1
S83.F4	nENearly1
S83.C5	nENearly1
S83.G5	nENearly1
S83.A6	nENearly1
S83.C6	nENearly1
S83.D6	nENearly1
S83.F6	nENearly1
S83.H6	nENearly1
S83.B7	nENearly1
S83.C7	nENearly1
S83.A8	nENearly1
S83.C8	nENearly1
S83.F8	nENearly1
S83.D9	nENearly1
S83.E9	nENearly1
S83.F9	nENearly1
S189.A9	nENearly1
S190.C3	nENearly1
S190.D6	nENearly1
S190.D11	nENearly1
S177.E1	nENearly1
S177.E2	nENearly1
S177.C6	nENearly1
S177.E10	nENearly1
Hi_GW21_1.Hi_GW21_1	nENearly2
Hi_GW21_2.Hi_GW21_2	nENearly2
Hi_GW16_1.Hi_GW16_1	nENearly2
Hi_GW16_12.Hi_GW16_12	nENearly2
Hi_GW16_21.Hi_GW16_21	nENearly2
O1.F1	nENearly2
O1.B3	nENearly2
O1.C3	nENearly2
O1.A4	nENearly2
O1.D6	nENearly2
O1.F6	nENearly2
O1.G6	nENearly2
O1.C9	nENearly2
O1.H11	nENearly2
O1.B12	nENearly2
O1.E12	nENearly2
O2.H1	nENearly2
O2.G2	nENearly2
O2.C3	nENearly2
O2.D6	nENearly2
O2.F6	nENearly2
O2.H6	nENearly2
O2.H9	nENearly2
O2.H11	nENearly2
O2.B12	nENearly2
O4.B2	nENearly2
O4.E2	nENearly2
O4.F2	nENearly2
O4.C3	nENearly2
O4.F3	nENearly2
O4.G4	nENearly2
O4.B5	nENearly2
O4.D6	nENearly2
O4.G6	nENearly2
O4.B7	nENearly2
O4.C7	nENearly2
O4.D7	nENearly2
O4.F7	nENearly2
O4.G7	nENearly2
O4.D8	nENearly2
O4.E8	nENearly2
O4.F8	nENearly2
O4.A9	nENearly2
O4.B9	nENearly2
O4.D9	nENearly2
O4.E9	nENearly2
O4.F9	nENearly2
O4.B10	nENearly2
O4.D11	nENearly2
O4.E11	nENearly2
O4.H11	nENearly2
O7.F2	nENearly2
O7.B6	nENearly2
O7.B7	nENearly2
O7.C7	nENearly2
O7.F9	nENearly2
O7.E10	nENearly2
O7.B11	nENearly2
O7.E11	nENearly2
O8.E1	nENearly2
O8.G1	nENearly2
O8.A2	nENearly2
O8.B2	nENearly2
O8.E2	nENearly2
O8.C3	nENearly2
O8.D3	nENearly2
O8.F3	nENearly2
O8.B4	nENearly2
O8.C4	nENearly2
O8.E5	nENearly2
O8.G5	nENearly2
O8.B6	nENearly2
O8.C6	nENearly2
O8.D6	nENearly2
O8.C8	nENearly2
O8.B9	nENearly2
O8.D9	nENearly2
O8.C11	nENearly2
O8.E11	nENearly2
O8.F11	nENearly2
O8.C12	nENearly2
O8.F12	nENearly2
O9.E1	nENearly2
O9.B2	nENearly2
O9.C2	nENearly2
O9.G3	nENearly2
O9.D5	nENearly2
O9.B6	nENearly2
O9.C6	nENearly2
O9.D6	nENearly2
O9.B7	nENearly2
O9.G7	nENearly2
O9.A8	nENearly2
O9.F9	nENearly2
O9.A10	nENearly2
O9.B12	nENearly2
O9.E12	nENearly2
O10.D1	nENearly2
O10.B2	nENearly2
O10.G2	nENearly2
O10.F4	nENearly2
O10.H4	nENearly2
O10.A5	nENearly2
O10.B5	nENearly2
O10.C5	nENearly2
O10.F5	nENearly2
O10.G5	nENearly2
O10.H5	nENearly2
O10.B6	nENearly2
O10.C6	nENearly2
O10.D6	nENearly2
O10.E6	nENearly2
O10.A7	nENearly2
O10.B7	nENearly2
O10.G7	nENearly2
O10.F8	nENearly2
O10.B9	nENearly2
O10.C9	nENearly2
O10.D9	nENearly2
O10.F9	nENearly2
O10.B10	nENearly2
O10.C10	nENearly2
O10.A11	nENearly2
O10.B11	nENearly2
O10.D11	nENearly2
O10.C12	nENearly2
O10.E12	nENearly2
O10.F12	nENearly2
O10.G12	nENearly2
O12.F12	nENearly2
O12.H3	nENearly2
O12.D5	nENearly2
O12.H5	nENearly2
O12.A6	nENearly2
O12.E6	nENearly2
S1.D1	nENearly2
S1.B12	nENearly2
S1.C12	nENearly2
S1.D12	nENearly2
S2.F2	nENearly2
S2.B5	nENearly2
S2.E5	nENearly2
S2.G5	nENearly2
S2.D6	nENearly2
S2.H6	nENearly2
S2.B7	nENearly2
S50.G9	nENearly2
S50.F10	nENearly2
S50.D12	nENearly2
S51.A1	nENearly2
S14.C11	nENearly2
S14.G12	nENearly2
S22.D11	nENearly2
S16.A6	nENearly2
S16.A7	nENearly2
S16.B7	nENearly2
S16.G9	nENearly2
S16.D10	nENearly2
S16.B11	nENearly2
S17.D3	nENearly2
S17.A7	nENearly2
S51.G10	nENearly2
S51.E12	nENearly2
S52.B1	nENearly2
S52.E2	nENearly2
S52.C3	nENearly2
S19.E4	nENearly2
S20.D1	nENearly2
S20.C10	nENearly2
S20.H11	nENearly2
S20.D12	nENearly2
S21.C1	nENearly2
S21.A2	nENearly2
S21.B2	nENearly2
S21.F3	nENearly2
S21.C7	nENearly2
S21.C8	nENearly2
S21.D8	nENearly2
S21.B9	nENearly2
S52.H12	nENearly2
S53.C2	nENearly2
S53.E3	nENearly2
S53.A5	nENearly2
S53.D5	nENearly2
S22.F9	nENearly2
S22.G9	nENearly2
S23.D6	nENearly2
S23.E12	nENearly2
S24.A7	nENearly2
S24.E7	nENearly2
S53.C9	nENearly2
S53.H9	nENearly2
S26.A1	nENearly2
S26.B1	nENearly2
S26.E2	nENearly2
S26.B10	nENearly2
S27.A1	nENearly2
S27.D7	nENearly2
S27.F8	nENearly2
S27.E10	nENearly2
S27.G10	nENearly2
S36.E1	nENearly2
S36.D6	nENearly2
S36.C11	nENearly2
S36.E12	nENearly2
S37.A1	nENearly2
S37.B1	nENearly2
S37.G1	nENearly2
S37.B2	nENearly2
S37.F2	nENearly2
S37.A3	nENearly2
S37.C3	nENearly2
S37.E3	nENearly2
S37.D4	nENearly2
S37.H4	nENearly2
S37.B5	nENearly2
S37.E5	nENearly2
S37.G5	nENearly2
S37.D6	nENearly2
S37.A7	nENearly2
S37.B7	nENearly2
S37.D8	nENearly2
S37.D9	nENearly2
S37.E9	nENearly2
S37.A10	nENearly2
S37.B10	nENearly2
S37.C10	nENearly2
S37.D10	nENearly2
S37.D11	nENearly2
S37.E11	nENearly2
S37.G12	nENearly2
S38.E2	nENearly2
S38.C5	nENearly2
S38.C7	nENearly2
S38.D7	nENearly2
S38.F7	nENearly2
S38.G7	nENearly2
S38.E8	nENearly2
S38.G8	nENearly2
S38.H8	nENearly2
S38.B10	nENearly2
S38.C10	nENearly2
S38.D10	nENearly2
S38.C11	nENearly2
S38.F11	nENearly2
S41.H1	nENearly2
S41.H10	nENearly2
S42.A2	nENearly2
S42.B6	nENearly2
S54.C12	nENearly2
S54.D12	nENearly2
S55.D1	nENearly2
S55.A2	nENearly2
S55.D2	nENearly2
S55.F2	nENearly2
S55.H2	nENearly2
S42.G6	nENearly2
S42.H7	nENearly2
S42.G9	nENearly2
S42.C11	nENearly2
S55.G3	nENearly2
S55.D4	nENearly2
S44.H5	nENearly2
S44.B6	nENearly2
S44.G8	nENearly2
S44.H8	nENearly2
S44.A9	nENearly2
S44.C9	nENearly2
S44.F9	nENearly2
S44.G9	nENearly2
S44.H9	nENearly2
S44.A11	nENearly2
S45.B2	nENearly2
S45.H2	nENearly2
S45.G4	nENearly2
S45.H7	nENearly2
S45.E8	nENearly2
S45.A10	nENearly2
S46.A1	nENearly2
S46.G2	nENearly2
S46.H2	nENearly2
S46.A4	nENearly2
S46.H5	nENearly2
S46.G6	nENearly2
S46.B7	nENearly2
S46.C7	nENearly2
S46.G7	nENearly2
S46.E8	nENearly2
S46.A9	nENearly2
S46.C11	nENearly2
S46.F11	nENearly2
S46.B12	nENearly2
S47.H6	nENearly2
S47.A8	nENearly2
S47.B9	nENearly2
S47.C9	nENearly2
S56.G1	nENearly2
S56.D3	nENearly2
S56.F3	nENearly2
S56.C4	nENearly2
S56.E5	nENearly2
S56.D7	nENearly2
S56.E7	nENearly2
S56.H7	nENearly2
S56.C8	nENearly2
S56.D9	nENearly2
S56.F10	nENearly2
S56.A12	nENearly2
S56.E12	nENearly2
S56.H12	nENearly2
S72.D6	nENearly2
S72.D7	nENearly2
S72.D8	nENearly2
S82.H1	nENearly2
S82.H2	nENearly2
S82.B4	nENearly2
S82.A6	nENearly2
S82.H11	nENearly2
S84.H8	nENearly2
S84.F12	nENearly2
S88.G1	nENearly2
S88.C4	nENearly2
S88.E4	nENearly2
S88.A6	nENearly2
S88.C6	nENearly2
S81.D1	nENearly2
S81.G1	nENearly2
S81.E2	nENearly2
S81.H2	nENearly2
S81.F3	nENearly2
S81.C4	nENearly2
S81.E5	nENearly2
S81.G5	nENearly2
S81.H5	nENearly2
S81.B6	nENearly2
S81.D6	nENearly2
S81.G6	nENearly2
S81.H6	nENearly2
S81.E7	nENearly2
S81.E8	nENearly2
S81.G8	nENearly2
S81.H8	nENearly2
S81.C9	nENearly2
S81.E9	nENearly2
S81.A10	nENearly2
S81.D10	nENearly2
S81.E10	nENearly2
S81.C11	nENearly2
S81.D11	nENearly2
S81.H11	nENearly2
S81.C12	nENearly2
S81.E12	nENearly2
S85.F1	nENearly2
S85.E2	nENearly2
S85.H2	nENearly2
S85.C5	nENearly2
S85.A6	nENearly2
S85.F8	nENearly2
S85.E9	nENearly2
S85.F10	nENearly2
S85.A12	nENearly2
S86.A1	nENearly2
S86.G1	nENearly2
S86.E2	nENearly2
S86.D3	nENearly2
S86.G3	nENearly2
S86.E4	nENearly2
S86.E5	nENearly2
S86.E6	nENearly2
S86.G7	nENearly2
S86.C8	nENearly2
S86.B9	nENearly2
S86.A10	nENearly2
S86.B10	nENearly2
S91.A1	nENearly2
S91.H2	nENearly2
S91.E3	nENearly2
S91.F3	nENearly2
S91.A4	nENearly2
S91.B4	nENearly2
S91.F4	nENearly2
S91.H4	nENearly2
S91.F5	nENearly2
S91.H6	nENearly2
S91.C8	nENearly2
S91.A9	nENearly2
S94.A1	nENearly2
S94.B1	nENearly2
S94.C2	nENearly2
S94.D3	nENearly2
S94.G6	nENearly2
S94.A7	nENearly2
S94.D7	nENearly2
S94.A8	nENearly2
S94.H8	nENearly2
S94.D9	nENearly2
S94.F9	nENearly2
S94.D12	nENearly2
S94.E12	nENearly2
S94.G12	nENearly2
S95.G1	nENearly2
S95.H1	nENearly2
S95.E2	nENearly2
S95.F2	nENearly2
S95.D3	nENearly2
S95.B4	nENearly2
S95.A5	nENearly2
S95.G6	nENearly2
S95.B7	nENearly2
S95.G7	nENearly2
S95.D9	nENearly2
S95.A10	nENearly2
S95.G10	nENearly2
S95.H10	nENearly2
S95.H11	nENearly2
S95.B12	nENearly2
S95.G12	nENearly2
S96.A2	nENearly2
S96.H2	nENearly2
S96.C3	nENearly2
S96.F3	nENearly2
S96.A5	nENearly2
S96.D5	nENearly2
S96.G5	nENearly2
S96.A6	nENearly2
S96.E8	nENearly2
S96.A9	nENearly2
S96.B9	nENearly2
S96.D9	nENearly2
S96.C10	nENearly2
S96.G10	nENearly2
S96.B11	nENearly2
S96.D11	nENearly2
S96.A12	nENearly2
S96.F12	nENearly2
S103.D1	nENearly2
S103.F2	nENearly2
S103.F5	nENearly2
S103.A9	nENearly2
S103.F9	nENearly2
S103.D11	nENearly2
S113.E6	nENearly2
S113.B9	nENearly2
S113.E11	nENearly2
S140.E1	nENearly2
S140.F5	nENearly2
S140.H6	nENearly2
S140.B7	nENearly2
S140.E7	nENearly2
S140.G7	nENearly2
S140.B9	nENearly2
S140.E9	nENearly2
S140.E10	nENearly2
S140.E11	nENearly2
S177.D7	nENearly2
S220.A1	U4
S220.A2	U4
S220.A3	U4
S220.A4	U4
S220.A6	U4
S220.A8	U4
S220.B11	U4
S220.B8	U4
S220.B9	U4
S220.C1	U4
S220.C3	U4
S220.D1	U4
S220.D2	U4
S220.D4	U4
S220.D8	U4
S220.E1	U4
S220.E10	U4
S220.E7	U4
S220.E8	U4
S220.F1	U4
S220.F10	U4
S220.F11	U4
S220.F2	U4
S220.F3	U4
S220.F6	U4
S220.F7	U4
S220.G10	U4
S220.H11	U4
S220.H2	U4
S220.H9	U4
S222.A1	U4
S222.A10	U4
S222.A11	U4
S222.A2	U4
S222.A3	U4
S222.A4	U4
S222.A5	U4
S222.A7	U4
S222.A8	U4
S222.A9	U4
S222.B1	U4
S222.B2	U4
S222.B3	U4
S222.B5	U4
S222.B7	U4
S222.B8	U4
S222.B9	U4
S222.C9	U4
S222.E2	U4
S222.E7	U4
S222.E8	U4
S222.F1	U4
S222.F8	U4
S222.G2	U4
S222.G9	U4
S222.H8	U4
S184.A2	U1
S184.H5	U1
S184.F8	U1
S184.E9	U1
S184.H11	U1
S199.A1	U1
S199.B1	U1
S199.D1	U1
S199.A2	U1
S199.B2	U1
S199.E2	U1
S199.F2	U1
S199.H2	U1
S199.D3	U1
S199.E3	U1
S199.G3	U1
S199.H3	U1
S199.A4	U1
S199.E4	U1
S199.F4	U1
S199.A5	U1
S199.E5	U1
S199.B6	U1
S199.C6	U1
S199.D6	U1
S199.G6	U1
S199.B7	U1
S199.C7	U1
S199.F7	U1
S199.C8	U1
S199.F8	U1
S199.G8	U1
S199.H8	U1
S199.A9	U1
S199.G9	U1
S199.A10	U1
S199.B10	U1
S199.D10	U1
S199.F10	U1
S199.H10	U1
S199.D11	U1
S199.F11	U1
S199.A12	U1
S199.B12	U1
S199.G12	U1
S200.C1	U1
S200.F1	U1
S200.H1	U1
S200.B2	U1
S200.E2	U1
S200.F2	U1
S200.H2	U1
S200.H3	U1
S200.B4	U1
S200.C4	U1
S200.F4	U1
S200.G4	U1
S200.F5	U1
S200.G5	U1
S200.H5	U1
S200.C6	U1
S200.E6	U1
S200.F6	U1
S200.G6	U1
S200.H6	U1
S200.B7	U1
S200.G7	U1
S200.B10	U1
S200.C10	U1
S200.E10	U1
S200.G10	U1
S200.H10	U1
S200.C11	U1
S200.E11	U1
S200.F11	U1
S200.G11	U1
S200.H11	U1
S200.C12	U1
S200.F12	U1
S222.C12	U1
S220.A10	U3
S220.A11	U3
S220.A12	U3
S220.A9	U3
S220.B10	U3
S220.B12	U3
S220.B2	U3
S220.B6	U3
S220.B7	U3
S220.C10	U3
S220.C4	U3
S220.C6	U3
S220.C8	U3
S220.C9	U3
S220.D12	U3
S220.D7	U3
S220.D9	U3
S220.E2	U3
S220.E5	U3
S220.E9	U3
S220.F5	U3
S220.G1	U3
S220.G11	U3
S220.G4	U3
S220.G8	U3
S220.H3	U3
S220.H4	U3
S220.H5	U3
S199.F1	U2
S199.H1	U2
S199.B5	U2
S199.G5	U2
S199.H5	U2
S199.E6	U2
S199.D7	U2
S199.H7	U2
S199.A8	U2
S199.E8	U2
S199.F9	U2
S199.C12	U2
S199.D12	U2
S200.B1	U2
S200.E1	U2
S200.G2	U2
S200.B3	U2
S200.C3	U2
S200.E3	U2
S200.H4	U2
S200.C5	U2
S200.C7	U2
S200.F7	U2
S200.H7	U2
S222.C10	U2
S222.C8	U2
S222.E3	U2
Hi_GW21_4.Hi_GW21_4	Glyc
S49.D6	Glyc
S91.G12	Glyc
S93.F1	Glyc
S93.A2	Glyc
S93.B2	Glyc
S93.C2	Glyc
S93.D2	Glyc
S93.E2	Glyc
S93.A3	Glyc
S93.F3	Glyc
S93.B4	Glyc
S93.G4	Glyc
S93.A5	Glyc
S93.B5	Glyc
S93.G5	Glyc
S93.H5	Glyc
S93.C6	Glyc
S93.D6	Glyc
S93.E6	Glyc
S93.F6	Glyc
S93.G6	Glyc
S93.A7	Glyc
S93.B7	Glyc
S93.G7	Glyc
S93.H7	Glyc
S93.A8	Glyc
S93.B8	Glyc
S93.F8	Glyc
S93.H8	Glyc
S93.E9	Glyc
S93.F9	Glyc
S93.D10	Glyc
S93.F10	Glyc
S93.B11	Glyc
S93.D11	Glyc
S93.E11	Glyc
S93.F11	Glyc
S93.A12	Glyc
S93.E12	Glyc
S93.G12	Glyc
S113.G9	Glyc
S114.H8	Glyc
S116.H3	Glyc
S190.B5	Glyc
S177.A1	Glyc
S177.H1	Glyc
S177.D2	Glyc
S177.F2	Glyc
S177.C3	Glyc
S177.D3	Glyc
S177.C4	Glyc
S177.A5	Glyc
S177.C5	Glyc
S177.D5	Glyc
S177.E5	Glyc
S177.F5	Glyc
S177.B6	Glyc
S177.D6	Glyc
S177.E6	Glyc
S177.G6	Glyc
S177.A7	Glyc
S177.B7	Glyc
S177.F7	Glyc
S177.G7	Glyc
S177.H7	Glyc
S177.D8	Glyc
S177.G8	Glyc
S177.G9	Glyc
S177.A10	Glyc
S177.C10	Glyc
S177.D10	Glyc
S177.A11	Glyc
S177.D11	Glyc
S177.H11	Glyc
S177.A12	Glyc
S177.D12	Glyc
O1.E3	Mural
S4.E4	Mural
S16.C2	Mural
S20.F11	Mural
S32.D12	Mural
S35.E6	Mural
S35.G7	Mural
S35.E8	Mural
S35.D9	Mural
S45.D9	Mural
S47.B4	Mural
S47.D5	Mural
S47.E5	Mural
S50.G6	Mural
S83.H5	Mural
S88.E6	Mural
S91.B8	Mural
S96.B1	Mural
S115.B4	Mural
O11.B2	MGEIPC1
O11.D2	MGEIPC1
O11.E10	MGEIPC1
O11.C12	MGEIPC1
O13.B1	MGEIPC1
O13.H6	MGEIPC1
O13.D7	MGEIPC1
O13.H8	MGEIPC1
S1.B1	MGEIPC1
S50.D7	MGEIPC1
S15.D1	MGEIPC1
S15.A4	MGEIPC1
S15.E6	MGEIPC1
S15.F7	MGEIPC1
S51.E7	MGEIPC1
S51.D9	MGEIPC1
S20.G2	MGEIPC1
S20.G6	MGEIPC1
S21.G10	MGEIPC1
S52.C10	MGEIPC1
S25.E6	MGEIPC1
S25.A10	MGEIPC1
S25.C10	MGEIPC1
S28.C1	MGEIPC1
S28.A7	MGEIPC1
S28.G12	MGEIPC1
S41.G2	MGEIPC1
S41.E3	MGEIPC1
S41.H4	MGEIPC1
S54.F10	MGEIPC1
S45.F1	MGEIPC1
S45.F12	MGEIPC1
S80.B11	MGEIPC1
S82.F2	MGEIPC1
S82.H9	MGEIPC1
S88.A8	MGEIPC1
S88.A9	MGEIPC1
S88.E12	MGEIPC1
S93.G1	MGEIPC1
S93.A6	MGEIPC1
S93.A11	MGEIPC1
S189.D2	MGEIPC1
S177.F1	MGEIPC1
S177.A4	MGEIPC1
Hi_GW16_16.Hi_GW16_16	oRG
O1.E6	oRG
O4.E7	oRG
O4.F12	oRG
O7.D2	oRG
O7.H3	oRG
O8.H2	oRG
O9.E2	oRG
O9.B8	oRG
O12.F2	oRG
O12.A3	oRG
O12.A10	oRG
O12.D10	oRG
S1.F10	oRG
S17.G10	oRG
S52.F7	oRG
S16.H1	oRG
S16.A4	oRG
S51.F12	oRG
S52.D2	oRG
S21.G2	oRG
S21.D6	oRG
S24.A10	oRG
S26.C4	oRG
S27.H3	oRG
S27.H5	oRG
S27.H12	oRG
S28.G1	oRG
S28.D4	oRG
S28.G5	oRG
S36.A11	oRG
S37.A5	oRG
S37.D12	oRG
S42.F7	oRG
S55.C5	oRG
S44.D5	oRG
S44.E10	oRG
S45.G2	oRG
S45.H9	oRG
S45.D10	oRG
S46.D3	oRG
S46.A10	oRG
S46.F10	oRG
S47.H1	oRG
S47.E6	oRG
S47.H12	oRG
S56.H11	oRG
S56.G12	oRG
S88.C2	oRG
S81.B1	oRG
S81.B8	oRG
S85.E1	oRG
S85.E10	oRG
S86.B4	oRG
S86.B12	oRG
S87.G6	oRG
S93.C4	oRG
S103.C2	oRG
S140.B1	oRG
S140.E2	oRG
S140.G6	oRG
S140.A7	oRG
S140.C9	oRG
S140.G10	oRG
S140.B11	oRG
O11.F5	MGEIPC2
O11.D7	MGEIPC2
O11.F7	MGEIPC2
O11.D9	MGEIPC2
O13.G2	MGEIPC2
O13.A4	MGEIPC2
O13.A7	MGEIPC2
O13.D9	MGEIPC2
S1.B4	MGEIPC2
S1.A5	MGEIPC2
S1.A6	MGEIPC2
S1.C6	MGEIPC2
S1.G8	MGEIPC2
S50.F7	MGEIPC2
S50.D8	MGEIPC2
S15.E2	MGEIPC2
S15.H4	MGEIPC2
S15.F5	MGEIPC2
S15.A8	MGEIPC2
S15.E10	MGEIPC2
S15.C11	MGEIPC2
S51.E8	MGEIPC2
S51.G9	MGEIPC2
S51.B10	MGEIPC2
S52.F9	MGEIPC2
S25.F8	MGEIPC2
S25.G8	MGEIPC2
S25.F12	MGEIPC2
S28.E7	MGEIPC2
S28.H8	MGEIPC2
S28.B12	MGEIPC2
S41.F2	MGEIPC2
S41.B3	MGEIPC2
S41.C4	MGEIPC2
S41.H5	MGEIPC2
S41.A8	MGEIPC2
S41.F8	MGEIPC2
S54.B10	MGEIPC2
S54.E10	MGEIPC2
S54.C11	MGEIPC2
S54.E11	MGEIPC2
S80.B8	MGEIPC2
S80.E8	MGEIPC2
S80.A9	MGEIPC2
S80.E9	MGEIPC2
S80.G9	MGEIPC2
S80.E10	MGEIPC2
S80.F10	MGEIPC2
S80.G10	MGEIPC2
S80.D11	MGEIPC2
S80.E11	MGEIPC2
S82.E1	MGEIPC2
S82.A2	MGEIPC2
S88.E7	MGEIPC2
S88.B9	MGEIPC2
S88.G11	MGEIPC2
S87.E1	MGEIPC2
S87.E11	MGEIPC2
S91.H11	MGEIPC2
S91.A12	MGEIPC2
S92.E3	MGEIPC2
S189.D8	MGEIPC2
O11.D1	MGEIPC3
O11.G1	MGEIPC3
O11.H1	MGEIPC3
O11.C8	MGEIPC3
O11.D10	MGEIPC3
O13.C1	MGEIPC3
O13.F1	MGEIPC3
O13.F4	MGEIPC3
O13.A5	MGEIPC3
O13.D5	MGEIPC3
O13.C11	MGEIPC3
S1.D4	MGEIPC3
S1.E8	MGEIPC3
S15.D4	MGEIPC3
S15.E5	MGEIPC3
S51.B9	MGEIPC3
S51.A10	MGEIPC3
S20.G1	MGEIPC3
S52.D10	MGEIPC3
S52.B12	MGEIPC3
S52.D12	MGEIPC3
S25.A5	MGEIPC3
S25.E7	MGEIPC3
S25.D9	MGEIPC3
S25.C12	MGEIPC3
S28.F9	MGEIPC3
S41.G4	MGEIPC3
S41.E6	MGEIPC3
S41.G8	MGEIPC3
S41.D9	MGEIPC3
S54.G10	MGEIPC3
S80.B7	MGEIPC3
S80.D12	MGEIPC3
S82.C2	MGEIPC3
S82.D2	MGEIPC3
S88.G8	MGEIPC3
S87.D2	MGEIPC3
S87.D6	MGEIPC3
S91.E12	MGEIPC3
S189.D6	MGEIPC3
O8.D5	ENV13
O8.G12	ENV13
O12.G4	ENV13
S42.E7	ENV13
S42.D9	ENV13
S42.E11	ENV13
S42.H12	ENV13
S55.G4	ENV13
S72.B3	ENV13
S72.F3	ENV13
S72.A4	ENV13
S72.F4	ENV13
S72.G5	ENV13
S72.B6	ENV13
S91.F2	ENV13
S91.D3	ENV13
S91.C4	ENV13
S91.A5	ENV13
S91.A7	ENV13
S92.F10	ENV13
S94.H5	ENV13
S96.G9	ENV13
S114.H1	ENV13
S114.H2	ENV13
S115.G1	ENV13
S115.B2	ENV13
S115.E2	ENV13
S115.A3	ENV13
S115.G3	ENV13
S115.A4	ENV13
S115.F7	ENV13
S115.E8	ENV13
S115.F8	ENV13
S115.D9	ENV13
S115.F9	ENV13
S115.E10	ENV13
S115.G10	ENV13
S115.F12	ENV13
S116.E1	ENV13
S116.E9	ENV13
S162.G1	ENV13
S162.B2	ENV13
S162.H2	ENV13
S162.B3	ENV13
S162.C3	ENV13
S162.E3	ENV13
S162.E4	ENV13
S162.H4	ENV13
S162.D5	ENV13
S162.G5	ENV13
S162.E6	ENV13
S162.F6	ENV13
S162.H6	ENV13
S162.A7	ENV13
S162.B7	ENV13
S162.C7	ENV13
S162.D7	ENV13
S162.E7	ENV13
S162.F7	ENV13
S162.G7	ENV13
S162.H7	ENV13
S162.A8	ENV13
S162.C8	ENV13
S162.E8	ENV13
S162.G8	ENV13
S162.C9	ENV13
S162.D9	ENV13
S162.E9	ENV13
S162.A10	ENV13
S162.D10	ENV13
S162.H10	ENV13
S162.C11	ENV13
S162.E11	ENV13
S162.G11	ENV13
S162.A12	ENV13
S162.E12	ENV13
Hi_GW21_7.Hi_GW21_7	ENV12
Hi_GW21_6.Hi_GW21_6	ENV12
O8.A3	ENV12
O8.C5	ENV12
O8.B7	ENV12
O8.A8	ENV12
O8.E9	ENV12
O12.H6	ENV12
S1.A11	ENV12
S22.C10	ENV12
S22.D10	ENV12
S22.B11	ENV12
S22.H11	ENV12
S19.H9	ENV12
S24.C2	ENV12
S53.H8	ENV12
S27.H2	ENV12
S27.D5	ENV12
S27.D9	ENV12
S27.C11	ENV12
S27.E12	ENV12
S41.C12	ENV12
S42.E1	ENV12
S42.C3	ENV12
S42.A4	ENV12
S42.B4	ENV12
S42.G4	ENV12
S42.C5	ENV12
S42.A6	ENV12
S54.F12	ENV12
S55.C1	ENV12
S55.C2	ENV12
S55.E2	ENV12
S42.F8	ENV12
S42.B10	ENV12
S42.E10	ENV12
S42.G10	ENV12
S55.B3	ENV12
S55.A4	ENV12
S55.D5	ENV12
S55.E5	ENV12
S44.B8	ENV12
S44.A10	ENV12
S44.G10	ENV12
S46.B4	ENV12
S46.C4	ENV12
S46.D4	ENV12
S46.A7	ENV12
S46.H7	ENV12
S46.D9	ENV12
S46.H9	ENV12
S56.E1	ENV12
S56.H3	ENV12
S56.E4	ENV12
S56.G4	ENV12
S56.A5	ENV12
S56.D5	ENV12
S56.G5	ENV12
S56.B6	ENV12
S56.F8	ENV12
S56.E9	ENV12
S56.D12	ENV12
S56.F12	ENV12
S57.G8	ENV12
S72.G2	ENV12
S72.H2	ENV12
S72.A3	ENV12
S72.C3	ENV12
S72.G3	ENV12
S72.H3	ENV12
S72.C4	ENV12
S72.D4	ENV12
S72.E4	ENV12
S72.A5	ENV12
S72.B5	ENV12
S72.D5	ENV12
S72.E5	ENV12
S72.F5	ENV12
S72.E6	ENV12
S72.H7	ENV12
S72.G8	ENV12
S84.C8	ENV12
S84.B9	ENV12
S84.A10	ENV12
S84.A11	ENV12
S84.A12	ENV12
S84.C12	ENV12
S88.F3	ENV12
S88.C5	ENV12
S88.E5	ENV12
S81.A5	ENV12
S81.B5	ENV12
S81.F5	ENV12
S81.D7	ENV12
S81.G10	ENV12
S81.A12	ENV12
S86.E1	ENV12
S86.A2	ENV12
S86.B2	ENV12
S86.C5	ENV12
S86.F5	ENV12
S86.G6	ENV12
S86.B7	ENV12
S86.G8	ENV12
S86.E10	ENV12
S86.F10	ENV12
S86.G10	ENV12
S86.F11	ENV12
S86.E12	ENV12
S86.H12	ENV12
S91.B1	ENV12
S91.C1	ENV12
S91.H1	ENV12
S91.A2	ENV12
S91.B3	ENV12
S91.E4	ENV12
S91.D5	ENV12
S92.F11	ENV12
S92.B12	ENV12
S94.A2	ENV12
S94.F3	ENV12
S94.E4	ENV12
S94.A5	ENV12
S94.F5	ENV12
S94.G7	ENV12
S94.B8	ENV12
S94.D8	ENV12
S94.E8	ENV12
S94.B9	ENV12
S94.F11	ENV12
S94.H11	ENV12
S94.F12	ENV12
S96.E1	ENV12
S96.F2	ENV12
S96.H3	ENV12
S96.B4	ENV12
S96.G4	ENV12
S96.C5	ENV12
S96.D6	ENV12
S96.B8	ENV12
S96.D8	ENV12
S96.F9	ENV12
S96.A10	ENV12
S96.D10	ENV12
S96.E10	ENV12
S96.C11	ENV12
S96.E11	ENV12
S96.G11	ENV12
S96.B12	ENV12
S96.D12	ENV12
S113.E7	ENV12
S114.E2	ENV12
S114.F2	ENV12
S114.D6	ENV12
S114.G7	ENV12
S114.F8	ENV12
S114.G9	ENV12
S114.A12	ENV12
S115.A1	ENV12
S115.A2	ENV12
S115.C2	ENV12
S115.G4	ENV12
S115.A6	ENV12
S115.B7	ENV12
S115.C8	ENV12
S115.E9	ENV12
S115.D10	ENV12
S115.A11	ENV12
S115.C11	ENV12
S115.F11	ENV12
S116.D1	ENV12
S116.D11	ENV12
S131.A3	ENV12
S190.C4	ENV12
S162.F1	ENV12
S162.G2	ENV12
S162.A3	ENV12
S162.F4	ENV12
S162.G4	ENV12
S162.A5	ENV12
S162.D8	ENV12
S162.F10	ENV12
S1.E1	ENV11
S1.F1	ENV11
S1.H9	ENV11
S1.H11	ENV11
S1.E12	ENV11
S1.F12	ENV11
S1.H12	ENV11
S2.D1	ENV11
S2.C2	ENV11
S2.D2	ENV11
S2.H3	ENV11
S2.G4	ENV11
S2.F5	ENV11
S2.C6	ENV11
S2.D7	ENV11
S2.F7	ENV11
S2.H7	ENV11
S2.C8	ENV11
S2.D8	ENV11
S2.D9	ENV11
S2.H9	ENV11
S2.B11	ENV11
S2.C11	ENV11
S2.F11	ENV11
S2.H11	ENV11
S2.A12	ENV11
S50.C10	ENV11
S50.E10	ENV11
S50.G10	ENV11
S50.H10	ENV11
S50.C11	ENV11
S50.C12	ENV11
S50.G12	ENV11
S50.H12	ENV11
S51.B1	ENV11
S51.G1	ENV11
S51.C2	ENV11
S51.D2	ENV11
S51.F2	ENV11
S51.G2	ENV11
S22.G12	ENV11
S19.D7	ENV11
S23.D2	ENV11
S23.F2	ENV11
S23.G2	ENV11
S23.H2	ENV11
S23.B3	ENV11
S23.F3	ENV11
S23.H3	ENV11
S23.A4	ENV11
S23.C4	ENV11
S23.F6	ENV11
S23.G6	ENV11
S23.H6	ENV11
S23.A7	ENV11
S23.B7	ENV11
S23.D7	ENV11
S23.E7	ENV11
S23.A8	ENV11
S23.B8	ENV11
S23.D8	ENV11
S23.E8	ENV11
S23.H8	ENV11
S23.H9	ENV11
S23.B10	ENV11
S23.E10	ENV11
S23.F10	ENV11
S23.A11	ENV11
S23.D11	ENV11
S23.C12	ENV11
S24.F1	ENV11
S24.E2	ENV11
S24.B6	ENV11
S24.D6	ENV11
S24.B8	ENV11
S24.A9	ENV11
S24.D10	ENV11
S24.F10	ENV11
S24.B12	ENV11
S53.F8	ENV11
S41.F1	ENV11
S41.C11	ENV11
S41.F12	ENV11
S42.F1	ENV11
S42.C2	ENV11
S42.E2	ENV11
S42.D3	ENV11
S42.F4	ENV11
S42.D5	ENV11
S54.H12	ENV11
S55.A1	ENV11
S55.G2	ENV11
S56.F2	ENV11
S72.E3	ENV11
S82.A3	ENV11
S82.E3	ENV11
S82.G3	ENV11
S82.H3	ENV11
S82.A4	ENV11
S82.D4	ENV11
S82.F4	ENV11
S82.H4	ENV11
S82.D5	ENV11
S82.D6	ENV11
S82.F6	ENV11
S82.H6	ENV11
S82.B7	ENV11
S82.G7	ENV11
S82.B8	ENV11
S82.E8	ENV11
S82.A9	ENV11
S82.A10	ENV11
S82.D10	ENV11
S82.F10	ENV11
S82.A12	ENV11
S83.C1	ENV11
S83.E1	ENV11
S83.G1	ENV11
S83.C2	ENV11
S83.D2	ENV11
S83.E2	ENV11
S83.G2	ENV11
S83.B3	ENV11
S83.F3	ENV11
S83.D4	ENV11
S83.G4	ENV11
S84.E7	ENV11
S84.F7	ENV11
S84.G7	ENV11
S84.B8	ENV11
S84.E8	ENV11
S84.D9	ENV11
S84.F9	ENV11
S84.G9	ENV11
S84.H9	ENV11
S84.C10	ENV11
S84.D10	ENV11
S84.E10	ENV11
S84.F10	ENV11
S84.G10	ENV11
S84.C11	ENV11
S84.E11	ENV11
S84.H11	ENV11
S84.B12	ENV11
S84.D12	ENV11
S84.E12	ENV11
S91.G1	ENV11
S91.H5	ENV11
S93.F2	ENV11
S93.D4	ENV11
S94.E1	ENV11
S94.D2	ENV11
S94.H2	ENV11
S94.B5	ENV11
S94.C5	ENV11
S94.G5	ENV11
S94.A9	ENV11
S94.C9	ENV11
S94.E9	ENV11
S94.E11	ENV11
S96.B3	ENV11
S96.D4	ENV11
S115.C1	ENV11
S115.F1	ENV11
S177.F6	ENV11
S177.D9	ENV11
O11.A1	MGERG2
O11.B3	MGERG2
O11.G3	MGERG2
O11.B4	MGERG2
O11.E6	MGERG2
O11.A7	MGERG2
O11.B7	MGERG2
O11.A8	MGERG2
O11.F8	MGERG2
O11.G8	MGERG2
O11.H8	MGERG2
O11.A9	MGERG2
O11.G9	MGERG2
O11.G10	MGERG2
O11.A11	MGERG2
O11.E11	MGERG2
O11.G12	MGERG2
O13.A1	MGERG2
O13.E1	MGERG2
O13.D3	MGERG2
O13.E6	MGERG2
O13.B7	MGERG2
O13.C7	MGERG2
O13.C8	MGERG2
O13.E9	MGERG2
O13.G9	MGERG2
O13.E11	MGERG2
O13.G11	MGERG2
O13.G12	MGERG2
O13.H12	MGERG2
S1.B2	MGERG2
S1.C3	MGERG2
S1.G3	MGERG2
S1.C8	MGERG2
S50.B8	MGERG2
S50.C9	MGERG2
S15.G1	MGERG2
S15.D7	MGERG2
S51.A9	MGERG2
S51.F9	MGERG2
S20.B2	MGERG2
S20.D3	MGERG2
S20.A6	MGERG2
S20.A8	MGERG2
S52.B11	MGERG2
S25.F1	MGERG2
S25.C2	MGERG2
S25.F2	MGERG2
S25.D3	MGERG2
S25.D5	MGERG2
S25.F9	MGERG2
S25.B10	MGERG2
S25.F11	MGERG2
S26.A7	MGERG2
S28.B11	MGERG2
S28.G11	MGERG2
S41.D3	MGERG2
S41.F7	MGERG2
S41.B10	MGERG2
S54.A11	MGERG2
S80.G8	MGERG2
S80.D10	MGERG2
S80.A11	MGERG2
S80.H11	MGERG2
S80.A12	MGERG2
S80.F12	MGERG2
S88.C8	MGERG2
S88.C9	MGERG2
S177.B11	MGERG2
S222.E6	MGERG2
O11.G2	MGERG1
O11.A4	MGERG1
O11.D6	MGERG1
O11.B8	MGERG1
O11.E8	MGERG1
O11.B10	MGERG1
O11.H10	MGERG1
O13.A11	MGERG1
S1.H1	MGERG1
S1.C2	MGERG1
S1.B5	MGERG1
S1.E5	MGERG1
S50.D9	MGERG1
S19.A4	MGERG1
S15.A5	MGERG1
S15.B11	MGERG1
S51.B8	MGERG1
S19.H12	MGERG1
S20.E3	MGERG1
S52.G10	MGERG1
S25.E1	MGERG1
S25.D2	MGERG1
S25.H2	MGERG1
S25.G3	MGERG1
S25.E4	MGERG1
S25.F7	MGERG1
S25.A9	MGERG1
S25.G10	MGERG1
S25.H10	MGERG1
S25.H11	MGERG1
S25.E12	MGERG1
S27.F5	MGERG1
S28.A1	MGERG1
S28.A6	MGERG1
S28.H6	MGERG1
S41.C1	MGERG1
S41.H3	MGERG1
S41.G7	MGERG1
S41.G9	MGERG1
S54.H10	MGERG1
S80.D7	MGERG1
S80.H10	MGERG1
S87.H12	MGERG1
S189.D3	MGERG1
S158.H8	Choroid
S158.D9	Choroid
S158.F9	Choroid
S158.A10	Choroid
S158.D10	Choroid
S158.E11	Choroid
S158.F11	Choroid
S184.F4	Choroid
S184.B6	Choroid
S184.B9	Choroid
S184.C11	Choroid
S184.D11	Choroid
S184.F11	Choroid
S184.D12	Choroid
S31.B3	Microglia
S31.A4	Microglia
S31.D8	Microglia
S31.B9	Microglia
S31.H12	Microglia
S32.H4	Microglia
S33.H2	Microglia
S33.F3	Microglia
S33.F10	Microglia
S33.G11	Microglia
S35.C4	Microglia
S35.E4	Microglia
S35.F4	Microglia
S35.H4	Microglia
S35.C5	Microglia
S35.D5	Microglia
S35.H5	Microglia
S35.A6	Microglia
S35.B6	Microglia
S35.F6	Microglia
S35.G6	Microglia
S35.H6	Microglia
S35.C7	Microglia
S35.D7	Microglia
S35.H7	Microglia
S35.A8	Microglia
S35.G8	Microglia
S35.C9	Microglia
S35.E9	Microglia
S35.G9	Microglia
S35.H9	Microglia
S35.A10	Microglia
S35.B10	Microglia
S35.C10	Microglia
S35.E10	Microglia
S35.G10	Microglia
S35.H10	Microglia
S36.B1	Microglia
S36.A2	Microglia
S36.F2	Microglia
S36.B3	Microglia
S36.H3	Microglia
S36.A4	Microglia
S36.E4	Microglia
S36.F4	Microglia
S36.C5	Microglia
S36.G5	Microglia
S36.H5	Microglia
S36.A6	Microglia
S36.B6	Microglia
S36.F6	Microglia
S36.C7	Microglia
S36.D7	Microglia
S36.F7	Microglia
S36.D8	Microglia
S41.E5	Microglia
S55.H1	Microglia
S48.G8	Microglia
S48.D9	Microglia
S48.A11	Microglia
S49.G1	Microglia
S49.A2	Microglia
S49.G3	Microglia
S49.H3	Microglia
S49.A4	Microglia
S49.B5	Microglia
S49.F5	Microglia
S50.B1	Microglia
S50.A2	Microglia
S50.E2	Microglia
S50.G2	Microglia
S72.F7	Microglia
S184.G2	Microglia
S184.F7	Microglia
S184.E8	Microglia
S199.G1	Microglia
S199.G11	Microglia
Hi_GW16_10.Hi_GW16_10	INCTXCGE1
Hi_GW16_2.Hi_GW16_2	INCTXCGE1
Hi_GW16_26.Hi_GW16_26	INCTXCGE1
O9.B3	INCTXCGE1
O9.H3	INCTXCGE1
O9.G4	INCTXCGE1
O9.C5	INCTXCGE1
O9.E8	INCTXCGE1
O9.A9	INCTXCGE1
O9.C10	INCTXCGE1
O9.B11	INCTXCGE1
O9.E11	INCTXCGE1
O9.F12	INCTXCGE1
O9.G12	INCTXCGE1
O10.G4	INCTXCGE1
O10.H7	INCTXCGE1
O10.C11	INCTXCGE1
O12.D3	INCTXCGE1
O12.D4	INCTXCGE1
O12.H4	INCTXCGE1
O12.A5	INCTXCGE1
O12.C5	INCTXCGE1
O12.C6	INCTXCGE1
O12.H8	INCTXCGE1
O12.B9	INCTXCGE1
O12.D9	INCTXCGE1
O12.E10	INCTXCGE1
S1.H7	INCTXCGE1
S1.A8	INCTXCGE1
S50.A8	INCTXCGE1
S3.C5	INCTXCGE1
S17.E10	INCTXCGE1
S17.F10	INCTXCGE1
S17.F11	INCTXCGE1
S17.C12	INCTXCGE1
S19.D2	INCTXCGE1
S19.C3	INCTXCGE1
S19.F3	INCTXCGE1
S22.B12	INCTXCGE1
S52.E7	INCTXCGE1
S52.H7	INCTXCGE1
S52.G8	INCTXCGE1
S52.H8	INCTXCGE1
S52.A9	INCTXCGE1
S52.D9	INCTXCGE1
S15.E9	INCTXCGE1
S15.G11	INCTXCGE1
S15.B12	INCTXCGE1
S15.G12	INCTXCGE1
S16.B2	INCTXCGE1
S16.E2	INCTXCGE1
S16.A3	INCTXCGE1
S51.A8	INCTXCGE1
S51.F11	INCTXCGE1
S52.C5	INCTXCGE1
S19.H11	INCTXCGE1
S20.C8	INCTXCGE1
S20.E12	INCTXCGE1
S52.G9	INCTXCGE1
S26.G2	INCTXCGE1
S26.H4	INCTXCGE1
S26.A5	INCTXCGE1
S26.F5	INCTXCGE1
S26.E6	INCTXCGE1
S26.A9	INCTXCGE1
S26.E9	INCTXCGE1
S26.F12	INCTXCGE1
S26.H12	INCTXCGE1
S27.H6	INCTXCGE1
S41.B2	INCTXCGE1
S41.C2	INCTXCGE1
S44.A6	INCTXCGE1
S45.G6	INCTXCGE1
S45.H8	INCTXCGE1
S45.F11	INCTXCGE1
S46.B3	INCTXCGE1
S46.F5	INCTXCGE1
S47.A7	INCTXCGE1
S47.D7	INCTXCGE1
S47.C8	INCTXCGE1
S47.A10	INCTXCGE1
S79.G7	INCTXCGE1
S88.D2	INCTXCGE1
S88.B4	INCTXCGE1
S88.A7	INCTXCGE1
S88.H11	INCTXCGE1
S81.A8	INCTXCGE1
S85.A2	INCTXCGE1
S85.G6	INCTXCGE1
S85.C12	INCTXCGE1
S87.E2	INCTXCGE1
S87.H5	INCTXCGE1
S87.F8	INCTXCGE1
S91.B6	INCTXCGE1
S91.F7	INCTXCGE1
S91.C9	INCTXCGE1
S91.F9	INCTXCGE1
S91.D11	INCTXCGE1
S91.H12	INCTXCGE1
S92.F2	INCTXCGE1
S92.H2	INCTXCGE1
S92.D3	INCTXCGE1
S92.F3	INCTXCGE1
S92.C8	INCTXCGE1
S92.H9	INCTXCGE1
S92.E11	INCTXCGE1
S95.A8	INCTXCGE1
S95.D8	INCTXCGE1
S95.F9	INCTXCGE1
S96.G2	INCTXCGE1
S96.E7	INCTXCGE1
S96.E9	INCTXCGE1
S103.F1	INCTXCGE1
S103.H1	INCTXCGE1
S103.E2	INCTXCGE1
S103.C3	INCTXCGE1
S103.F3	INCTXCGE1
S103.G3	INCTXCGE1
S103.H3	INCTXCGE1
S103.A4	INCTXCGE1
S103.E4	INCTXCGE1
S103.H4	INCTXCGE1
S103.E5	INCTXCGE1
S103.H5	INCTXCGE1
S103.A6	INCTXCGE1
S103.D6	INCTXCGE1
S103.F6	INCTXCGE1
S103.B7	INCTXCGE1
S103.B8	INCTXCGE1
S103.D8	INCTXCGE1
S103.E8	INCTXCGE1
S103.B9	INCTXCGE1
S103.B10	INCTXCGE1
S103.D10	INCTXCGE1
S103.F10	INCTXCGE1
S103.H10	INCTXCGE1
S103.H11	INCTXCGE1
S103.F12	INCTXCGE1
S113.A4	INCTXCGE1
S113.C4	INCTXCGE1
S113.E12	INCTXCGE1
S114.C9	INCTXCGE1
S114.E11	INCTXCGE1
S115.E5	INCTXCGE1
S116.B4	INCTXCGE1
S140.B4	INCTXCGE1
S140.F12	INCTXCGE1
S162.G12	INCTXCGE1
Hi_GW16_9.Hi_GW16_9	INCTXCGE2
O1.F5	INCTXCGE2
O1.A10	INCTXCGE2
O2.G5	INCTXCGE2
O2.B11	INCTXCGE2
O4.D3	INCTXCGE2
O4.F6	INCTXCGE2
O9.D10	INCTXCGE2
O10.C2	INCTXCGE2
O10.E9	INCTXCGE2
O12.B3	INCTXCGE2
O12.C3	INCTXCGE2
O12.E4	INCTXCGE2
O12.B6	INCTXCGE2
O12.C8	INCTXCGE2
O12.E8	INCTXCGE2
O12.C10	INCTXCGE2
S3.B5	INCTXCGE2
S14.F11	INCTXCGE2
S19.D3	INCTXCGE2
S22.E10	INCTXCGE2
S22.E11	INCTXCGE2
S52.G7	INCTXCGE2
S15.F12	INCTXCGE2
S16.E4	INCTXCGE2
S16.E7	INCTXCGE2
S51.B12	INCTXCGE2
S52.E5	INCTXCGE2
S52.F5	INCTXCGE2
S19.A9	INCTXCGE2
S20.D10	INCTXCGE2
S21.H8	INCTXCGE2
S53.B3	INCTXCGE2
S53.C3	INCTXCGE2
S22.F8	INCTXCGE2
S23.G9	INCTXCGE2
S24.E6	INCTXCGE2
S24.E11	INCTXCGE2
S24.C12	INCTXCGE2
S53.G8	INCTXCGE2
S26.D4	INCTXCGE2
S26.G4	INCTXCGE2
S26.B5	INCTXCGE2
S26.D6	INCTXCGE2
S26.D7	INCTXCGE2
S26.C11	INCTXCGE2
S26.G11	INCTXCGE2
S26.G12	INCTXCGE2
S27.B8	INCTXCGE2
S27.A11	INCTXCGE2
S27.B11	INCTXCGE2
S33.A9	INCTXCGE2
S37.F1	INCTXCGE2
S37.F3	INCTXCGE2
S37.B4	INCTXCGE2
S37.F12	INCTXCGE2
S38.H11	INCTXCGE2
S41.E2	INCTXCGE2
S41.E8	INCTXCGE2
S42.B11	INCTXCGE2
S55.F3	INCTXCGE2
S44.F6	INCTXCGE2
S44.D10	INCTXCGE2
S45.A2	INCTXCGE2
S45.E2	INCTXCGE2
S45.D6	INCTXCGE2
S45.H6	INCTXCGE2
S45.A9	INCTXCGE2
S45.D12	INCTXCGE2
S45.E12	INCTXCGE2
S46.C3	INCTXCGE2
S46.E4	INCTXCGE2
S46.F6	INCTXCGE2
S46.F7	INCTXCGE2
S46.B10	INCTXCGE2
S46.A11	INCTXCGE2
S46.D12	INCTXCGE2
S47.A3	INCTXCGE2
S47.A4	INCTXCGE2
S47.C7	INCTXCGE2
S47.E8	INCTXCGE2
S56.A9	INCTXCGE2
S57.H1	INCTXCGE2
S57.D2	INCTXCGE2
S57.C3	INCTXCGE2
S57.F4	INCTXCGE2
S57.D6	INCTXCGE2
S57.B7	INCTXCGE2
S57.A9	INCTXCGE2
S72.D3	INCTXCGE2
S72.E8	INCTXCGE2
S79.F2	INCTXCGE2
S79.D4	INCTXCGE2
S79.C6	INCTXCGE2
S79.C7	INCTXCGE2
S82.F3	INCTXCGE2
S82.G4	INCTXCGE2
S84.G11	INCTXCGE2
S88.A3	INCTXCGE2
S88.H9	INCTXCGE2
S81.B11	INCTXCGE2
S85.B3	INCTXCGE2
S85.C3	INCTXCGE2
S85.C8	INCTXCGE2
S85.G9	INCTXCGE2
S86.E3	INCTXCGE2
S86.G11	INCTXCGE2
S86.A12	INCTXCGE2
S87.C6	INCTXCGE2
S91.D2	INCTXCGE2
S91.G2	INCTXCGE2
S91.H8	INCTXCGE2
S91.D9	INCTXCGE2
S92.B6	INCTXCGE2
S92.C6	INCTXCGE2
S92.E6	INCTXCGE2
S92.F6	INCTXCGE2
S92.H8	INCTXCGE2
S92.B9	INCTXCGE2
S92.D10	INCTXCGE2
S95.C3	INCTXCGE2
S95.E4	INCTXCGE2
S95.E7	INCTXCGE2
S95.C10	INCTXCGE2
S103.G12	INCTXCGE2
S113.G3	INCTXCGE2
S113.B6	INCTXCGE2
S113.C7	INCTXCGE2
S113.F9	INCTXCGE2
S114.G1	INCTXCGE2
S114.C3	INCTXCGE2
S114.A6	INCTXCGE2
S114.B7	INCTXCGE2
S114.E7	INCTXCGE2
S114.E9	INCTXCGE2
S114.A10	INCTXCGE2
S115.H2	INCTXCGE2
S115.D8	INCTXCGE2
S116.C4	INCTXCGE2
S116.A5	INCTXCGE2
S116.B5	INCTXCGE2
S116.C5	INCTXCGE2
S116.D5	INCTXCGE2
S116.A6	INCTXCGE2
S116.A9	INCTXCGE2
S116.D9	INCTXCGE2
S140.E12	INCTXCGE2
S189.G4	INCTXCGE2
S162.B4	INCTXCGE2
S162.A6	INCTXCGE2
S162.F8	INCTXCGE2
S162.F9	INCTXCGE2
S162.E10	INCTXCGE2
Hi_GW21_8.Hi_GW21_8	RGdiv1
O1.G4	RGdiv1
O4.F10	RGdiv1
O7.C2	RGdiv1
O7.C3	RGdiv1
O7.H4	RGdiv1
O7.A5	RGdiv1
O7.A7	RGdiv1
O7.B8	RGdiv1
O7.H8	RGdiv1
O7.G9	RGdiv1
O7.F10	RGdiv1
O7.B12	RGdiv1
O7.G12	RGdiv1
O9.D7	RGdiv1
O9.D8	RGdiv1
O9.H12	RGdiv1
O10.A12	RGdiv1
O12.C1	RGdiv1
O12.H1	RGdiv1
S1.F2	RGdiv1
S1.D9	RGdiv1
S1.F11	RGdiv1
S2.E3	RGdiv1
S2.C7	RGdiv1
S2.E9	RGdiv1
S2.H10	RGdiv1
S51.A2	RGdiv1
S3.A1	RGdiv1
S3.B1	RGdiv1
S3.F3	RGdiv1
S3.B4	RGdiv1
S3.F5	RGdiv1
S3.H5	RGdiv1
S3.H6	RGdiv1
S3.C8	RGdiv1
S3.E9	RGdiv1
S3.A10	RGdiv1
S3.B10	RGdiv1
S51.G3	RGdiv1
S16.F2	RGdiv1
S16.B5	RGdiv1
S16.B8	RGdiv1
S51.C10	RGdiv1
S51.C11	RGdiv1
S51.D11	RGdiv1
S19.E7	RGdiv1
S19.E9	RGdiv1
S23.C2	RGdiv1
S23.D4	RGdiv1
S23.F5	RGdiv1
S23.B6	RGdiv1
S24.D1	RGdiv1
S24.D11	RGdiv1
S25.A3	RGdiv1
S25.B9	RGdiv1
S26.H2	RGdiv1
S31.G9	RGdiv1
S35.A4	RGdiv1
S35.B4	RGdiv1
S35.D4	RGdiv1
S35.F5	RGdiv1
S35.C8	RGdiv1
S35.F8	RGdiv1
S35.H8	RGdiv1
S35.B9	RGdiv1
S36.C1	RGdiv1
S36.A10	RGdiv1
S36.B12	RGdiv1
S36.C12	RGdiv1
S37.A6	RGdiv1
S38.A1	RGdiv1
S38.E5	RGdiv1
S38.H5	RGdiv1
S38.E6	RGdiv1
S38.G6	RGdiv1
S38.F8	RGdiv1
S38.C9	RGdiv1
S38.A12	RGdiv1
S41.G1	RGdiv1
S41.G12	RGdiv1
S54.B12	RGdiv1
S55.G1	RGdiv1
S44.G7	RGdiv1
S45.B6	RGdiv1
S46.F2	RGdiv1
S47.F7	RGdiv1
S56.F9	RGdiv1
S82.B1	RGdiv1
S82.F1	RGdiv1
S82.E6	RGdiv1
S82.H7	RGdiv1
S82.D9	RGdiv1
S82.B10	RGdiv1
S82.F11	RGdiv1
S82.G11	RGdiv1
S83.A4	RGdiv1
S83.C4	RGdiv1
S83.B5	RGdiv1
S83.F5	RGdiv1
S83.E6	RGdiv1
S83.G6	RGdiv1
S83.E7	RGdiv1
S83.G7	RGdiv1
S83.B8	RGdiv1
S83.A9	RGdiv1
S83.C9	RGdiv1
S84.H7	RGdiv1
S84.A8	RGdiv1
S84.F8	RGdiv1
S84.B10	RGdiv1
S84.F11	RGdiv1
S88.C1	RGdiv1
S88.D1	RGdiv1
S88.B7	RGdiv1
S88.D11	RGdiv1
S88.B12	RGdiv1
S88.C12	RGdiv1
S81.A1	RGdiv1
S81.E3	RGdiv1
S81.F4	RGdiv1
S81.D5	RGdiv1
S86.B11	RGdiv1
S91.E1	RGdiv1
S91.C5	RGdiv1
S93.C10	RGdiv1
S93.C11	RGdiv1
S94.F4	RGdiv1
S94.C6	RGdiv1
S95.D4	RGdiv1
S140.C2	RGdiv1
S140.F6	RGdiv1
S177.G2	RGdiv1
Hi_GW16_3.Hi_GW16_3	RGdiv2
Hi_GW16_4.Hi_GW16_4	RGdiv2
Hi_GW16_15.Hi_GW16_15	RGdiv2
Hi_GW16_18.Hi_GW16_18	RGdiv2
O2.G1	RGdiv2
O2.H7	RGdiv2
O2.F8	RGdiv2
O2.G11	RGdiv2
O4.A1	RGdiv2
O4.A2	RGdiv2
O4.E4	RGdiv2
O4.G5	RGdiv2
O4.G8	RGdiv2
O4.H8	RGdiv2
O4.G9	RGdiv2
O4.H9	RGdiv2
O4.A12	RGdiv2
O8.F2	RGdiv2
O8.E3	RGdiv2
O8.F6	RGdiv2
O8.D7	RGdiv2
O8.E7	RGdiv2
O8.A9	RGdiv2
O9.A5	RGdiv2
O10.A1	RGdiv2
O10.C4	RGdiv2
O12.E12	RGdiv2
O12.A1	RGdiv2
O12.B1	RGdiv2
O12.E1	RGdiv2
O12.G2	RGdiv2
O12.H2	RGdiv2
S1.B3	RGdiv2
S2.D3	RGdiv2
S2.D4	RGdiv2
S2.H4	RGdiv2
S2.C5	RGdiv2
S2.G6	RGdiv2
S2.A8	RGdiv2
S2.A10	RGdiv2
S50.B11	RGdiv2
S50.G11	RGdiv2
S50.H11	RGdiv2
S50.B12	RGdiv2
S3.D3	RGdiv2
S3.C6	RGdiv2
S51.F10	RGdiv2
S51.H12	RGdiv2
S20.G11	RGdiv2
S22.B7	RGdiv2
S22.G7	RGdiv2
S23.D1	RGdiv2
S23.F1	RGdiv2
S23.B4	RGdiv2
S23.E4	RGdiv2
S23.H4	RGdiv2
S23.A5	RGdiv2
S23.C7	RGdiv2
S23.E9	RGdiv2
S23.F9	RGdiv2
S24.A6	RGdiv2
S24.G7	RGdiv2
S53.G9	RGdiv2
S27.C1	RGdiv2
S27.H11	RGdiv2
S36.H8	RGdiv2
S36.C9	RGdiv2
S36.H9	RGdiv2
S36.B11	RGdiv2
S37.C1	RGdiv2
S37.G2	RGdiv2
S37.G4	RGdiv2
S37.E7	RGdiv2
S37.B11	RGdiv2
S37.B12	RGdiv2
S37.C12	RGdiv2
S38.B2	RGdiv2
S38.A5	RGdiv2
S38.F6	RGdiv2
S38.B7	RGdiv2
S38.B9	RGdiv2
S42.H1	RGdiv2
S42.F2	RGdiv2
S55.B2	RGdiv2
S45.C5	RGdiv2
S45.B10	RGdiv2
S46.A12	RGdiv2
S56.H6	RGdiv2
S56.A7	RGdiv2
S56.D10	RGdiv2
S82.D1	RGdiv2
S82.C5	RGdiv2
S82.C7	RGdiv2
S82.H10	RGdiv2
S82.D12	RGdiv2
S82.G12	RGdiv2
S82.H12	RGdiv2
S83.F2	RGdiv2
S83.A3	RGdiv2
S83.E3	RGdiv2
S83.E4	RGdiv2
S83.H4	RGdiv2
S83.D5	RGdiv2
S83.B6	RGdiv2
S83.D8	RGdiv2
S83.E8	RGdiv2
S83.G8	RGdiv2
S84.H10	RGdiv2
S81.E11	RGdiv2
S81.B12	RGdiv2
S91.H3	RGdiv2
S91.B5	RGdiv2
S92.G2	RGdiv2
S92.A5	RGdiv2
S94.A3	RGdiv2
S94.B7	RGdiv2
S95.B3	RGdiv2
S96.F10	RGdiv2
S103.B3	RGdiv2
S140.B3	RGdiv2
S177.G1	RGdiv2
S177.C7	RGdiv2
S177.A8	RGdiv2
S177.A9	RGdiv2
Hi_GW16_14.Hi_GW16_14	IPCdiv2
O1.C1	IPCdiv2
O1.A2	IPCdiv2
O1.B4	IPCdiv2
O1.C11	IPCdiv2
O1.D11	IPCdiv2
O2.F3	IPCdiv2
O2.F4	IPCdiv2
O2.A11	IPCdiv2
O4.C2	IPCdiv2
O4.G2	IPCdiv2
O4.H2	IPCdiv2
O4.A4	IPCdiv2
O4.H7	IPCdiv2
O4.C11	IPCdiv2
O7.E6	IPCdiv2
O8.B1	IPCdiv2
O8.H1	IPCdiv2
O8.H11	IPCdiv2
O9.A12	IPCdiv2
S2.E6	IPCdiv2
S2.G9	IPCdiv2
S3.H9	IPCdiv2
S20.C1	IPCdiv2
S20.C12	IPCdiv2
S53.F5	IPCdiv2
S23.B5	IPCdiv2
S24.F6	IPCdiv2
S27.F1	IPCdiv2
S27.F10	IPCdiv2
S27.D11	IPCdiv2
S36.A9	IPCdiv2
S36.C10	IPCdiv2
S37.A2	IPCdiv2
S37.A8	IPCdiv2
S37.B9	IPCdiv2
S38.F5	IPCdiv2
S38.E9	IPCdiv2
S42.A9	IPCdiv2
S55.E3	IPCdiv2
S46.E7	IPCdiv2
S56.B3	IPCdiv2
S83.A1	IPCdiv2
S85.F4	IPCdiv2
S92.F1	IPCdiv2
S92.G1	IPCdiv2
S92.G10	IPCdiv2
S92.F12	IPCdiv2
S93.E4	IPCdiv2
S96.C2	IPCdiv2
S96.F6	IPCdiv2
O1.D1	IPCdiv1
O1.E4	IPCdiv1
O1.C5	IPCdiv1
O2.H4	IPCdiv1
O4.B8	IPCdiv1
O8.A5	IPCdiv1
O9.F1	IPCdiv1
O9.A3	IPCdiv1
O9.H5	IPCdiv1
O12.F8	IPCdiv1
S2.E1	IPCdiv1
S2.E10	IPCdiv1
S51.C1	IPCdiv1
S3.G7	IPCdiv1
S51.D3	IPCdiv1
S51.E11	IPCdiv1
S51.C12	IPCdiv1
S52.G2	IPCdiv1
S52.F3	IPCdiv1
S27.B3	IPCdiv1
S35.E5	IPCdiv1
S35.E7	IPCdiv1
S35.F7	IPCdiv1
S35.A9	IPCdiv1
S36.E10	IPCdiv1
S36.G12	IPCdiv1
S37.G3	IPCdiv1
S42.A3	IPCdiv1
S42.C8	IPCdiv1
S56.D11	IPCdiv1
S83.C3	IPCdiv1
S83.A7	IPCdiv1
S83.F7	IPCdiv1
S83.H8	IPCdiv1
S94.H7	IPCdiv1
S140.D12	IPCdiv1
O1.G1	OPC
O1.G12	OPC
O4.F4	OPC
O12.D1	OPC
S50.F11	OPC
S22.F11	OPC
S15.H2	OPC
S53.G1	OPC
S26.F1	OPC
S26.F11	OPC
S32.E8	OPC
S32.G9	OPC
S32.F12	OPC
S32.H12	OPC
S33.F5	OPC
S33.G5	OPC
S33.F8	OPC
S36.G6	OPC
S45.G1	OPC
S45.A5	OPC
S45.G5	OPC
S45.H5	OPC
S45.A8	OPC
S46.F1	OPC
S47.D1	OPC
S47.H3	OPC
S47.D12	OPC
S56.A1	OPC
S56.A10	OPC
S57.D1	OPC
S84.C9	OPC
S91.D8	OPC
S113.F1	OPC
S113.E3	OPC
S113.H3	OPC
S113.F6	OPC
S116.C7	OPC
O1.C2	INCTXMGE2
O1.E10	INCTXMGE2
O2.C9	INCTXMGE2
O4.A5	INCTXMGE2
O10.D8	INCTXMGE2
O11.G5	INCTXMGE2
O11.G11	INCTXMGE2
O12.A4	INCTXMGE2
O12.H10	INCTXMGE2
S19.D10	INCTXMGE2
S23.F11	INCTXMGE2
S24.G3	INCTXMGE2
S24.B4	INCTXMGE2
S24.B9	INCTXMGE2
S26.E1	INCTXMGE2
S26.B2	INCTXMGE2
S26.D3	INCTXMGE2
S26.F8	INCTXMGE2
S26.D12	INCTXMGE2
S27.B5	INCTXMGE2
S27.C6	INCTXMGE2
S27.D12	INCTXMGE2
S28.C3	INCTXMGE2
S28.B6	INCTXMGE2
S37.E6	INCTXMGE2
S37.C9	INCTXMGE2
S41.A11	INCTXMGE2
S42.C12	INCTXMGE2
S45.F3	INCTXMGE2
S45.B7	INCTXMGE2
S45.E7	INCTXMGE2
S45.F8	INCTXMGE2
S46.D2	INCTXMGE2
S46.E3	INCTXMGE2
S46.D5	INCTXMGE2
S46.B8	INCTXMGE2
S46.C8	INCTXMGE2
S46.F9	INCTXMGE2
S46.E11	INCTXMGE2
S46.G11	INCTXMGE2
S46.C12	INCTXMGE2
S47.F3	INCTXMGE2
S47.H4	INCTXMGE2
S47.C6	INCTXMGE2
S47.F6	INCTXMGE2
S47.B7	INCTXMGE2
S47.E7	INCTXMGE2
S47.A9	INCTXMGE2
S56.E6	INCTXMGE2
S57.E1	INCTXMGE2
S57.A6	INCTXMGE2
S57.D8	INCTXMGE2
S57.F8	INCTXMGE2
S57.E10	INCTXMGE2
S72.G4	INCTXMGE2
S72.B7	INCTXMGE2
S72.H8	INCTXMGE2
S79.C2	INCTXMGE2
S79.A4	INCTXMGE2
S79.E4	INCTXMGE2
S79.F4	INCTXMGE2
S79.G5	INCTXMGE2
S79.D6	INCTXMGE2
S79.E7	INCTXMGE2
S79.G9	INCTXMGE2
S80.H12	INCTXMGE2
S82.C1	INCTXMGE2
S88.C3	INCTXMGE2
S81.E4	INCTXMGE2
S81.G9	INCTXMGE2
S85.H1	INCTXMGE2
S85.D2	INCTXMGE2
S86.A4	INCTXMGE2
S87.C12	INCTXMGE2
S91.G5	INCTXMGE2
S91.C10	INCTXMGE2
S92.C9	INCTXMGE2
S95.F10	INCTXMGE2
S95.A11	INCTXMGE2
S95.E11	INCTXMGE2
S96.F5	INCTXMGE2
S113.D1	INCTXMGE2
S113.G2	INCTXMGE2
S113.A6	INCTXMGE2
S113.C6	INCTXMGE2
S113.A7	INCTXMGE2
S113.C8	INCTXMGE2
S113.C9	INCTXMGE2
S114.F4	INCTXMGE2
S114.F6	INCTXMGE2
S115.C4	INCTXMGE2
S116.G6	INCTXMGE2
S140.D8	INCTXMGE2
S189.E11	INCTXMGE2
S162.C6	INCTXMGE2
S1.D2	nIN3
S1.E2	nIN3
S1.D3	nIN3
S1.A4	nIN3
S1.C4	nIN3
S1.E4	nIN3
S1.G4	nIN3
S1.F5	nIN3
S1.G5	nIN3
S1.H5	nIN3
S1.C7	nIN3
S1.F7	nIN3
S1.B8	nIN3
S1.F8	nIN3
S1.B9	nIN3
S50.H7	nIN3
S50.C8	nIN3
S50.F8	nIN3
S50.G8	nIN3
S50.A9	nIN3
S50.B9	nIN3
S50.E9	nIN3
S19.G3	nIN3
S52.D7	nIN3
S15.A2	nIN3
S15.F2	nIN3
S15.A3	nIN3
S15.G4	nIN3
S15.B5	nIN3
S15.A12	nIN3
S15.D12	nIN3
S51.H7	nIN3
S51.D8	nIN3
S51.F8	nIN3
S51.G8	nIN3
S51.H9	nIN3
S25.E3	nIN3
S25.A6	nIN3
S25.B12	nIN3
S28.C8	nIN3
S41.F9	nIN3
S80.D9	nIN3
S80.A10	nIN3
S82.G2	nIN3
S88.H1	nIN3
S88.F7	nIN3
S88.B8	nIN3
S88.D8	nIN3
S88.F8	nIN3
S88.E9	nIN3
S88.F9	nIN3
S88.F10	nIN3
S88.H10	nIN3
S88.F11	nIN3
S14.A12	ENPFC2
S14.B12	ENPFC2
S19.G1	ENPFC2
S22.A12	ENPFC2
S22.F12	ENPFC2
S17.F2	ENPFC2
S17.G2	ENPFC2
S17.A3	ENPFC2
S17.C3	ENPFC2
S17.F3	ENPFC2
S17.C7	ENPFC2
S17.H7	ENPFC2
S17.D8	ENPFC2
S17.B9	ENPFC2
S17.F9	ENPFC2
S52.E4	ENPFC2
S52.D5	ENPFC2
S52.G5	ENPFC2
S52.A6	ENPFC2
S52.B6	ENPFC2
S19.F4	ENPFC2
S19.D5	ENPFC2
S19.G5	ENPFC2
S19.H5	ENPFC2
S19.G6	ENPFC2
S19.C7	ENPFC2
S19.F7	ENPFC2
S19.B9	ENPFC2
S19.E10	ENPFC2
S19.G10	ENPFC2
S19.D12	ENPFC2
S19.E12	ENPFC2
S20.E1	ENPFC2
S20.F8	ENPFC2
S20.E9	ENPFC2
S20.A10	ENPFC2
S20.E11	ENPFC2
S21.D1	ENPFC2
S21.H1	ENPFC2
S21.A3	ENPFC2
S21.A4	ENPFC2
S21.F5	ENPFC2
S21.G5	ENPFC2
S52.G12	ENPFC2
S53.B1	ENPFC2
S53.B2	ENPFC2
S53.F3	ENPFC2
S24.F8	ENPFC2
S26.F3	ENPFC2
S42.H2	ENPFC2
S45.G10	ENPFC2
S57.C1	ENPFC2
S57.A2	ENPFC2
S57.A7	ENPFC2
S57.C7	ENPFC2
S57.D7	ENPFC2
S57.C9	ENPFC2
S57.F9	ENPFC2
S84.H12	ENPFC2
S88.A2	ENPFC2
S88.B2	ENPFC2
S88.G3	ENPFC2
S88.D4	ENPFC2
S88.F4	ENPFC2
S88.G5	ENPFC2
S88.H5	ENPFC2
S88.D6	ENPFC2
S88.F6	ENPFC2
S85.G1	ENPFC2
S85.B5	ENPFC2
S85.E5	ENPFC2
S85.B6	ENPFC2
S85.E6	ENPFC2
S85.G10	ENPFC2
S91.C6	ENPFC2
S91.D6	ENPFC2
S91.B7	ENPFC2
S91.A8	ENPFC2
S91.E8	ENPFC2
S91.B9	ENPFC2
S91.D10	ENPFC2
S91.C11	ENPFC2
S95.A1	ENPFC2
S95.C2	ENPFC2
S95.A4	ENPFC2
S95.C7	ENPFC2
S95.D12	ENPFC2
S115.H3	ENPFC2
S116.B1	ENPFC2
S116.F1	ENPFC2
S116.E2	ENPFC2
S116.G3	ENPFC2
S116.A4	ENPFC2
S116.F8	ENPFC2
S116.H8	ENPFC2
S116.B12	ENPFC2
O10.D5	ENPFC3
S1.F9	ENPFC3
S22.A11	ENPFC3
S17.H1	ENPFC3
S17.B5	ENPFC3
S17.C8	ENPFC3
S17.E9	ENPFC3
S17.C10	ENPFC3
S52.C4	ENPFC3
S52.F4	ENPFC3
S19.G7	ENPFC3
S20.B10	ENPFC3
S20.C11	ENPFC3
S21.C2	ENPFC3
S24.F3	ENPFC3
S24.G11	ENPFC3
S53.E9	ENPFC3
S47.G3	ENPFC3
S56.E10	ENPFC3
S57.C2	ENPFC3
S57.E4	ENPFC3
S57.E7	ENPFC3
S57.C8	ENPFC3
S57.F11	ENPFC3
S82.C3	ENPFC3
S88.A1	ENPFC3
S88.A5	ENPFC3
S88.D5	ENPFC3
S85.D4	ENPFC3
S85.B9	ENPFC3
S91.G9	ENPFC3
S91.A10	ENPFC3
S91.F10	ENPFC3
S91.H10	ENPFC3
S95.B5	ENPFC3
S95.C6	ENPFC3
S95.A7	ENPFC3
S95.D7	ENPFC3
S95.A9	ENPFC3
S95.E10	ENPFC3
S95.C11	ENPFC3
S103.D4	ENPFC3
S113.C2	ENPFC3
S113.D3	ENPFC3
S113.H4	ENPFC3
S113.C5	ENPFC3
S113.E8	ENPFC3
S113.D9	ENPFC3
S113.E9	ENPFC3
S113.H10	ENPFC3
S113.A11	ENPFC3
S113.D12	ENPFC3
S116.A1	ENPFC3
Hi_GW16_11.Hi_GW16_11	vRG
Hi_GW16_13.Hi_GW16_13	vRG
O2.D8	vRG
O4.E1	vRG
O4.E10	vRG
O8.C2	vRG
O10.D3	vRG
O10.G3	vRG
O10.A4	vRG
S1.G11	vRG
S2.G1	vRG
S2.A7	vRG
S2.G11	vRG
S50.B10	vRG
S50.A11	vRG
S50.F12	vRG
S3.C1	vRG
S3.E1	vRG
S3.C4	vRG
S3.F4	vRG
S3.D5	vRG
S3.E5	vRG
S3.D7	vRG
S3.E7	vRG
S3.E8	vRG
S3.C10	vRG
S51.C3	vRG
S19.B1	vRG
S16.E3	vRG
S16.D6	vRG
S16.D8	vRG
S16.E8	vRG
S51.H10	vRG
S20.G10	vRG
S21.E3	vRG
S21.F6	vRG
S53.A1	vRG
S53.D1	vRG
S53.F1	vRG
S53.D2	vRG
S53.D4	vRG
S53.C5	vRG
S22.C9	vRG
S23.B1	vRG
S23.E2	vRG
S23.B11	vRG
S23.D12	vRG
S23.H12	vRG
S24.E1	vRG
S24.F4	vRG
S24.B11	vRG
S24.E12	vRG
S53.A10	vRG
S53.D10	vRG
S27.H7	vRG
S28.B2	vRG
S36.F9	vRG
S36.A12	vRG
S37.E8	vRG
S38.D1	vRG
S38.E1	vRG
S38.A2	vRG
S38.F2	vRG
S38.D5	vRG
S41.A1	vRG
S41.A12	vRG
S55.F5	vRG
S45.D5	vRG
S46.E2	vRG
S56.B1	vRG
S56.A4	vRG
S56.G10	vRG
S57.A3	vRG
S82.C4	vRG
S82.B6	vRG
S81.H1	vRG
S81.F2	vRG
S81.H12	vRG
S87.D12	vRG
S91.C3	vRG
S92.A1	vRG
S92.E1	vRG
S92.H1	vRG
S92.E5	vRG
S92.A9	vRG
S92.A10	vRG
S92.E10	vRG
S92.H11	vRG
S93.E10	vRG
S93.H12	vRG
S94.D4	vRG
S94.H12	vRG
S95.C5	vRG
S95.H5	vRG
S95.D11	vRG
S140.B2	vRG
S177.E7	vRG
O12.A8	Astrocyte
O12.A9	Astrocyte
S28.E6	Astrocyte
S31.G5	Astrocyte
S31.B6	Astrocyte
S31.E9	Astrocyte
S31.G10	Astrocyte
S31.G12	Astrocyte
S32.H2	Astrocyte
S32.D3	Astrocyte
S32.E4	Astrocyte
S32.E6	Astrocyte
S32.H6	Astrocyte
S32.E7	Astrocyte
S32.B8	Astrocyte
S32.H9	Astrocyte
S32.B10	Astrocyte
S32.C11	Astrocyte
S33.B6	Astrocyte
S33.G6	Astrocyte
S33.G7	Astrocyte
S33.C12	Astrocyte
S45.C1	Astrocyte
S45.E3	Astrocyte
S45.G3	Astrocyte
S45.D4	Astrocyte
S45.D7	Astrocyte
S45.C10	Astrocyte
S45.G11	Astrocyte
S45.G12	Astrocyte
S46.D1	Astrocyte
S46.D10	Astrocyte
S47.H7	Astrocyte
S47.D8	Astrocyte
S47.G9	Astrocyte
S47.E11	Astrocyte
S48.G7	Astrocyte
S48.B9	Astrocyte
S92.C1	Astrocyte
S92.C12	Astrocyte
S113.B5	Astrocyte
S113.F8	Astrocyte
S113.B10	Astrocyte
S114.F9	Astrocyte
S115.D7	Astrocyte
S140.G11	Astrocyte
Hi_GW21_3.Hi_GW21_3	nENlate
Hi_GW16_8.Hi_GW16_8	nENlate
Hi_GW16_19.Hi_GW16_19	nENlate
O1.D2	nENlate
O1.E2	nENlate
O1.G2	nENlate
O1.D3	nENlate
O1.C4	nENlate
O1.D4	nENlate
O1.C6	nENlate
O1.C7	nENlate
O1.E7	nENlate
O1.F7	nENlate
O1.H8	nENlate
O1.A9	nENlate
O1.B9	nENlate
O1.F9	nENlate
O1.D10	nENlate
O1.E11	nENlate
O1.C12	nENlate
O1.D12	nENlate
O2.C1	nENlate
O2.A2	nENlate
O2.D2	nENlate
O2.F2	nENlate
O2.H2	nENlate
O2.H3	nENlate
O2.B5	nENlate
O2.D5	nENlate
O2.A6	nENlate
O2.G6	nENlate
O2.A7	nENlate
O2.D7	nENlate
O2.E7	nENlate
O2.G7	nENlate
O2.H8	nENlate
O2.E9	nENlate
O2.C10	nENlate
O2.F10	nENlate
O2.G10	nENlate
O2.H10	nENlate
O2.G12	nENlate
O2.H12	nENlate
O4.B3	nENlate
O4.E3	nENlate
O4.G3	nENlate
O4.A6	nENlate
O4.C9	nENlate
O4.G10	nENlate
O10.B1	nENlate
O10.D2	nENlate
O10.E11	nENlate
O12.E3	nENlate
O12.F3	nENlate
O12.F4	nENlate
O12.F5	nENlate
O12.G6	nENlate
O12.B7	nENlate
O12.H7	nENlate
O12.C9	nENlate
S3.G10	nENlate
S16.F1	nENlate
S16.F10	nENlate
S16.A12	nENlate
S17.C1	nENlate
S52.C1	nENlate
S52.D1	nENlate
S52.D3	nENlate
S52.E3	nENlate
S19.A7	nENlate
S19.B12	nENlate
S19.C12	nENlate
S20.H8	nENlate
S21.E1	nENlate
S21.C3	nENlate
S21.B4	nENlate
S21.E4	nENlate
S21.B5	nENlate
S21.H9	nENlate
S53.H2	nENlate
S53.F4	nENlate
S53.E5	nENlate
S53.A9	nENlate
S53.F9	nENlate
S26.D1	nENlate
S26.H1	nENlate
S26.C3	nENlate
S26.A4	nENlate
S26.C5	nENlate
S26.D5	nENlate
S26.G5	nENlate
S26.G6	nENlate
S26.H6	nENlate
S26.E7	nENlate
S26.F7	nENlate
S26.G9	nENlate
S26.D10	nENlate
S26.H11	nENlate
S27.H1	nENlate
S27.A2	nENlate
S27.G2	nENlate
S27.A3	nENlate
S27.B4	nENlate
S27.D4	nENlate
S27.E4	nENlate
S27.F4	nENlate
S27.H4	nENlate
S27.A5	nENlate
S27.C5	nENlate
S27.E5	nENlate
S27.B6	nENlate
S27.G6	nENlate
S27.B7	nENlate
S27.G7	nENlate
S27.D8	nENlate
S27.E9	nENlate
S27.F9	nENlate
S27.C10	nENlate
S27.F11	nENlate
S27.G11	nENlate
S27.A12	nENlate
S27.C12	nENlate
S33.H1	nENlate
S35.B8	nENlate
S36.D9	nENlate
S36.E9	nENlate
S37.D2	nENlate
S37.B3	nENlate
S37.A4	nENlate
S37.F5	nENlate
S37.B6	nENlate
S37.C6	nENlate
S37.G6	nENlate
S37.C7	nENlate
S37.G8	nENlate
S37.F9	nENlate
S37.E10	nENlate
S37.G10	nENlate
S38.A3	nENlate
S38.B3	nENlate
S38.H4	nENlate
S38.C6	nENlate
S38.D9	nENlate
S38.G9	nENlate
S41.E4	nENlate
S42.B3	nENlate
S42.D4	nENlate
S42.B8	nENlate
S42.H8	nENlate
S42.E9	nENlate
S42.A10	nENlate
S42.C10	nENlate
S42.G11	nENlate
S55.E4	nENlate
S55.F4	nENlate
S55.B5	nENlate
S44.B7	nENlate
S44.F10	nENlate
S45.D2	nENlate
S45.B4	nENlate
S45.E4	nENlate
S45.F4	nENlate
S45.H4	nENlate
S45.A6	nENlate
S45.C6	nENlate
S45.A7	nENlate
S45.B8	nENlate
S45.C8	nENlate
S45.E9	nENlate
S45.G9	nENlate
S45.A11	nENlate
S45.E11	nENlate
S46.B1	nENlate
S46.E1	nENlate
S46.G1	nENlate
S46.F4	nENlate
S46.B5	nENlate
S46.D6	nENlate
S46.D7	nENlate
S46.D8	nENlate
S46.B9	nENlate
S46.B11	nENlate
S46.F12	nENlate
S47.F1	nENlate
S47.D2	nENlate
S47.H2	nENlate
S47.B3	nENlate
S47.F4	nENlate
S47.A5	nENlate
S47.F5	nENlate
S47.G6	nENlate
S47.E9	nENlate
S47.B10	nENlate
S47.C10	nENlate
S47.B11	nENlate
S47.C11	nENlate
S47.F12	nENlate
S47.G12	nENlate
S56.B8	nENlate
S57.F1	nENlate
S57.C5	nENlate
S88.B6	nENlate
S81.D3	nENlate
S81.C8	nENlate
S81.B10	nENlate
S81.D12	nENlate
S81.F12	nENlate
S85.A1	nENlate
S85.E3	nENlate
S85.G4	nENlate
S85.E7	nENlate
S85.A8	nENlate
S85.C9	nENlate
S85.D9	nENlate
S85.A11	nENlate
S85.B11	nENlate
S85.B12	nENlate
S86.D1	nENlate
S86.F1	nENlate
S86.C2	nENlate
S86.F2	nENlate
S86.B3	nENlate
S86.C3	nENlate
S86.G4	nENlate
S86.A5	nENlate
S86.H5	nENlate
S86.A6	nENlate
S86.C7	nENlate
S86.E7	nENlate
S86.F7	nENlate
S86.H7	nENlate
S86.A8	nENlate
S86.F8	nENlate
S86.E9	nENlate
S86.G9	nENlate
S86.D11	nENlate
S86.H11	nENlate
S87.D9	nENlate
S91.B2	nENlate
S91.G4	nENlate
S91.A6	nENlate
S91.E7	nENlate
S92.B10	nENlate
S92.H12	nENlate
S94.B3	nENlate
S94.C11	nENlate
S95.B1	nENlate
S95.E1	nENlate
S95.G8	nENlate
S95.E12	nENlate
S96.E4	nENlate
S96.F4	nENlate
S96.B6	nENlate
S96.C6	nENlate
S96.G6	nENlate
S96.D7	nENlate
S96.A11	nENlate
S103.A1	nENlate
S103.A2	nENlate
S103.A3	nENlate
S103.D5	nENlate
S103.H6	nENlate
S103.D7	nENlate
S103.G8	nENlate
S103.A11	nENlate
S103.C11	nENlate
S103.C12	nENlate
S103.E12	nENlate
S113.D2	nENlate
S113.C3	nENlate
S113.B4	nENlate
S113.D10	nENlate
S113.C12	nENlate
S131.A4	nENlate
S140.C1	nENlate
S140.F1	nENlate
S140.G1	nENlate
S140.H1	nENlate
S140.A2	nENlate
S140.D2	nENlate
S140.G2	nENlate
S140.H2	nENlate
S140.D3	nENlate
S140.F3	nENlate
S140.G3	nENlate
S140.D4	nENlate
S140.F4	nENlate
S140.A5	nENlate
S140.C5	nENlate
S140.E5	nENlate
S140.H5	nENlate
S140.D6	nENlate
S140.A8	nENlate
S140.C8	nENlate
S140.E8	nENlate
S140.F8	nENlate
S140.G8	nENlate
S140.H8	nENlate
S140.A9	nENlate
S140.G9	nENlate
S140.C10	nENlate
S140.F11	nENlate
S140.G12	nENlate
S189.B1	nENlate
S189.F1	nENlate
S189.G1	nENlate
S189.B2	nENlate
S189.E3	nENlate
S189.F4	nENlate
S189.H4	nENlate
S189.F5	nENlate
S189.C8	nENlate
S189.B10	nENlate
S189.F10	nENlate
S189.C11	nENlate
S190.E2	nENlate
S190.F2	nENlate
S190.A3	nENlate
S190.E10	nENlate
S190.D12	nENlate
S177.A6	nENlate
O1.B5	INCTXMGE1
O1.E5	INCTXMGE1
O1.B8	INCTXMGE1
O2.C4	INCTXMGE1
O2.B8	INCTXMGE1
O4.F1	INCTXMGE1
O4.F5	INCTXMGE1
O4.D12	INCTXMGE1
O7.D5	INCTXMGE1
O9.A2	INCTXMGE1
O9.F2	INCTXMGE1
O9.G2	INCTXMGE1
O9.C3	INCTXMGE1
O9.E5	INCTXMGE1
O9.G6	INCTXMGE1
O9.E7	INCTXMGE1
O9.C9	INCTXMGE1
O9.E9	INCTXMGE1
O9.B10	INCTXMGE1
O9.E10	INCTXMGE1
O9.F10	INCTXMGE1
O9.D11	INCTXMGE1
O10.F2	INCTXMGE1
O10.A9	INCTXMGE1
O10.B12	INCTXMGE1
O10.D12	INCTXMGE1
O12.G3	INCTXMGE1
O12.E5	INCTXMGE1
O12.G5	INCTXMGE1
O12.D6	INCTXMGE1
O12.F6	INCTXMGE1
O12.A7	INCTXMGE1
O12.C7	INCTXMGE1
O12.D8	INCTXMGE1
O12.G9	INCTXMGE1
O12.H9	INCTXMGE1
O12.G10	INCTXMGE1
S51.H2	INCTXMGE1
S3.E4	INCTXMGE1
S3.A7	INCTXMGE1
S3.F8	INCTXMGE1
S14.H11	INCTXMGE1
S17.B12	INCTXMGE1
S17.G12	INCTXMGE1
S17.H12	INCTXMGE1
S52.F6	INCTXMGE1
S52.D8	INCTXMGE1
S52.E9	INCTXMGE1
S15.F8	INCTXMGE1
S15.A9	INCTXMGE1
S15.F9	INCTXMGE1
S15.A10	INCTXMGE1
S15.B10	INCTXMGE1
S15.C12	INCTXMGE1
S15.H12	INCTXMGE1
S16.A2	INCTXMGE1
S16.G2	INCTXMGE1
S16.H2	INCTXMGE1
S16.G5	INCTXMGE1
S16.B6	INCTXMGE1
S17.E3	INCTXMGE1
S17.G6	INCTXMGE1
S17.D7	INCTXMGE1
S51.D10	INCTXMGE1
S51.G11	INCTXMGE1
S52.B3	INCTXMGE1
S19.F8	INCTXMGE1
S19.F10	INCTXMGE1
S20.F10	INCTXMGE1
S21.A8	INCTXMGE1
S53.C4	INCTXMGE1
S53.D8	INCTXMGE1
S53.C10	INCTXMGE1
S26.G1	INCTXMGE1
S26.G3	INCTXMGE1
S26.F4	INCTXMGE1
S26.H5	INCTXMGE1
S26.B6	INCTXMGE1
S26.A8	INCTXMGE1
S26.E11	INCTXMGE1
S27.G3	INCTXMGE1
S35.B5	INCTXMGE1
S38.D2	INCTXMGE1
S38.F9	INCTXMGE1
S38.F10	INCTXMGE1
S38.B11	INCTXMGE1
S41.E7	INCTXMGE1
S54.G9	INCTXMGE1
S42.D6	INCTXMGE1
S55.C3	INCTXMGE1
S55.D3	INCTXMGE1
S55.H3	INCTXMGE1
S55.C4	INCTXMGE1
S44.A8	INCTXMGE1
S45.B3	INCTXMGE1
S46.A2	INCTXMGE1
S46.B2	INCTXMGE1
S46.H3	INCTXMGE1
S46.G4	INCTXMGE1
S46.A5	INCTXMGE1
S46.C5	INCTXMGE1
S46.C6	INCTXMGE1
S46.A8	INCTXMGE1
S46.C9	INCTXMGE1
S46.G9	INCTXMGE1
S46.H10	INCTXMGE1
S47.C1	INCTXMGE1
S47.H5	INCTXMGE1
S47.A11	INCTXMGE1
S57.A1	INCTXMGE1
S57.E2	INCTXMGE1
S57.G2	INCTXMGE1
S57.D5	INCTXMGE1
S57.E5	INCTXMGE1
S57.H5	INCTXMGE1
S57.A10	INCTXMGE1
S57.C12	INCTXMGE1
S72.A6	INCTXMGE1
S72.C6	INCTXMGE1
S79.D10	INCTXMGE1
S80.G7	INCTXMGE1
S84.G8	INCTXMGE1
S88.H4	INCTXMGE1
S88.C10	INCTXMGE1
S81.F10	INCTXMGE1
S81.A11	INCTXMGE1
S85.C2	INCTXMGE1
S85.D8	INCTXMGE1
S85.E8	INCTXMGE1
S85.B10	INCTXMGE1
S85.D11	INCTXMGE1
S85.G11	INCTXMGE1
S87.C5	INCTXMGE1
S91.C7	INCTXMGE1
S91.G7	INCTXMGE1
S91.H7	INCTXMGE1
S91.G8	INCTXMGE1
S91.B10	INCTXMGE1
S91.E10	INCTXMGE1
S91.G10	INCTXMGE1
S91.B11	INCTXMGE1
S91.G11	INCTXMGE1
S92.B3	INCTXMGE1
S95.A2	INCTXMGE1
S95.E3	INCTXMGE1
S95.F3	INCTXMGE1
S95.E5	INCTXMGE1
S95.H7	INCTXMGE1
S95.B9	INCTXMGE1
S96.E6	INCTXMGE1
S103.C1	INCTXMGE1
S103.G1	INCTXMGE1
S103.B2	INCTXMGE1
S103.D3	INCTXMGE1
S103.C4	INCTXMGE1
S103.C6	INCTXMGE1
S103.E6	INCTXMGE1
S103.G6	INCTXMGE1
S103.H7	INCTXMGE1
S103.A8	INCTXMGE1
S103.F8	INCTXMGE1
S103.A10	INCTXMGE1
S103.C10	INCTXMGE1
S103.G10	INCTXMGE1
S103.B12	INCTXMGE1
S113.A12	INCTXMGE1
S114.C1	INCTXMGE1
S114.A3	INCTXMGE1
S114.G3	INCTXMGE1
S114.H3	INCTXMGE1
S115.D3	INCTXMGE1
S116.C1	INCTXMGE1
S116.A2	INCTXMGE1
S116.F2	INCTXMGE1
S116.D3	INCTXMGE1
S116.H6	INCTXMGE1
S116.B7	INCTXMGE1
S116.B8	INCTXMGE1
S116.H11	INCTXMGE1
S116.G12	INCTXMGE1
S140.G5	INCTXMGE1
S140.E6	INCTXMGE1
S140.B8	INCTXMGE1
S140.H9	INCTXMGE1
S140.H10	INCTXMGE1
S140.A12	INCTXMGE1
S140.H12	INCTXMGE1
S189.H10	INCTXMGE1
S162.F3	INCTXMGE1
S162.C4	INCTXMGE1
S162.G10	INCTXMGE1
S162.B12	INCTXMGE1
O13.H2	nIN1
S15.F4	nIN1
S15.H6	nIN1
S20.H3	nIN1
S52.C11	nIN1
S52.A12	nIN1
S25.B3	nIN1
S25.C3	nIN1
S25.D4	nIN1
S25.B5	nIN1
S25.E5	nIN1
S25.C6	nIN1
S25.H6	nIN1
S25.C7	nIN1
S25.A8	nIN1
S25.D8	nIN1
S25.C9	nIN1
S25.E10	nIN1
S25.A12	nIN1
S25.D12	nIN1
S25.H12	nIN1
S28.A2	nIN1
S28.E2	nIN1
S28.D3	nIN1
S28.A4	nIN1
S28.E4	nIN1
S28.A5	nIN1
S28.B5	nIN1
S28.F7	nIN1
S28.A9	nIN1
S28.G9	nIN1
S28.D10	nIN1
S28.E10	nIN1
S28.A11	nIN1
S28.C12	nIN1
S41.D1	nIN1
S41.C3	nIN1
S41.G3	nIN1
S41.A4	nIN1
S41.B4	nIN1
S41.C6	nIN1
S41.H8	nIN1
S41.B9	nIN1
S54.C10	nIN1
S80.E7	nIN1
S80.F7	nIN1
S80.H7	nIN1
S80.D8	nIN1
S80.F8	nIN1
S80.B9	nIN1
S80.F9	nIN1
S80.H9	nIN1
S80.F11	nIN1
S80.G11	nIN1
S80.G12	nIN1
S82.A1	nIN1
S82.B2	nIN1
S88.E1	nIN1
S88.G7	nIN1
S88.B10	nIN1
S88.E10	nIN1
S88.B11	nIN1
S88.F12	nIN1
S89.A1	nIN1
S89.B1	nIN1
S85.C7	nIN1
S87.C4	nIN1
S87.E4	nIN1
S87.F4	nIN1
S87.H6	nIN1
S87.F11	nIN1
S91.F12	nIN1
S27.E3	Endothelial
S28.H1	Endothelial
S28.H2	Endothelial
S33.B12	Endothelial
S35.G5	Endothelial
S45.F9	Endothelial
S45.E10	Endothelial
S47.B5	Endothelial
S47.B6	Endothelial
S47.F11	Endothelial
S48.D7	Endothelial
S48.E7	Endothelial
S48.H7	Endothelial
S48.C9	Endothelial
S49.D12	Endothelial
S50.D3	Endothelial
S50.H5	Endothelial
S83.A5	Endothelial
S140.H11	Endothelial
S184.B1	Endothelial
S184.A3	Endothelial
S184.E3	Endothelial
S184.E5	Endothelial
S184.B7	Endothelial
S184.F10	Endothelial
S184.A12	Endothelial
S199.B3	Endothelial
S199.E7	Endothelial
S199.G10	Endothelial
S200.G1	Endothelial
O13.C10	nIN2
O12.B4	nIN2
S17.E11	nIN2
S52.A8	nIN2
S15.G2	nIN2
S15.C3	nIN2
S15.G8	nIN2
S51.D7	nIN2
S51.F7	nIN2
S51.E9	nIN2
S20.H2	nIN2
S20.C4	nIN2
S20.D4	nIN2
S20.E4	nIN2
S20.F4	nIN2
S20.A5	nIN2
S20.E5	nIN2
S20.G5	nIN2
S20.D6	nIN2
S20.F6	nIN2
S20.F7	nIN2
S52.H9	nIN2
S52.A10	nIN2
S52.B10	nIN2
S52.E10	nIN2
S52.A11	nIN2
S52.D11	nIN2
S52.F11	nIN2
S52.H11	nIN2
S52.C12	nIN2
S25.G6	nIN2
S25.B8	nIN2
S28.D1	nIN2
S28.D2	nIN2
S28.A3	nIN2
S28.F3	nIN2
S28.H3	nIN2
S28.C4	nIN2
S28.F4	nIN2
S28.C5	nIN2
S28.D5	nIN2
S28.E5	nIN2
S28.C6	nIN2
S28.D6	nIN2
S28.B7	nIN2
S28.G8	nIN2
S28.D9	nIN2
S28.E9	nIN2
S28.C10	nIN2
S28.F10	nIN2
S28.H10	nIN2
S28.C11	nIN2
S28.H11	nIN2
S28.D12	nIN2
S41.E1	nIN2
S41.D2	nIN2
S41.H2	nIN2
S41.F4	nIN2
S41.D5	nIN2
S41.D6	nIN2
S41.G6	nIN2
S41.C8	nIN2
S41.D8	nIN2
S41.C10	nIN2
S54.D11	nIN2
S54.F11	nIN2
S54.G11	nIN2
S88.H6	nIN2
S88.H7	nIN2
S88.G9	nIN2
S88.A10	nIN2
S88.C11	nIN2
S88.D12	nIN2
S88.G12	nIN2
S89.C1	nIN2
S87.A1	nIN2
S87.C1	nIN2
S87.C2	nIN2
S87.C3	nIN2
S87.D3	nIN2
S87.A5	nIN2
S87.D5	nIN2
S87.A6	nIN2
S87.D7	nIN2
S87.B8	nIN2
S87.C9	nIN2
S87.H10	nIN2
S87.C11	nIN2
S87.A12	nIN2
S87.F12	nIN2
S87.G12	nIN2
S91.E11	nIN2
S92.G5	nIN2
S103.B5	nIN2
S189.D1	nIN2
S189.F2	nIN2
O11.C1	nIN5
O11.E2	nIN5
O11.H2	nIN5
O11.A3	nIN5
O11.C3	nIN5
O11.D3	nIN5
O11.E3	nIN5
O11.H3	nIN5
O11.D4	nIN5
O11.E4	nIN5
O11.H4	nIN5
O11.A5	nIN5
O11.B6	nIN5
O11.F6	nIN5
O11.G6	nIN5
O11.H6	nIN5
O11.C7	nIN5
O11.D8	nIN5
O11.F9	nIN5
O11.A10	nIN5
O11.F10	nIN5
O11.C11	nIN5
O11.D11	nIN5
O11.F11	nIN5
O11.H11	nIN5
O13.D1	nIN5
O13.A2	nIN5
O13.C2	nIN5
O13.B3	nIN5
O13.C3	nIN5
O13.E3	nIN5
O13.B4	nIN5
O13.C4	nIN5
O13.H4	nIN5
O13.E5	nIN5
O13.G5	nIN5
O13.D6	nIN5
O13.F6	nIN5
O13.G6	nIN5
O13.F7	nIN5
O13.G7	nIN5
O13.A8	nIN5
O13.B8	nIN5
O13.D8	nIN5
O13.F8	nIN5
O13.G8	nIN5
O13.B9	nIN5
O13.B10	nIN5
O13.D10	nIN5
O13.F10	nIN5
O13.G10	nIN5
O13.B11	nIN5
O13.B12	nIN5
O13.E12	nIN5
O13.F12	nIN5
S19.G2	nIN5
S52.E8	nIN5
S15.B3	nIN5
S15.C4	nIN5
S51.G7	nIN5
S28.E1	nIN5
S88.C7	nIN5
S88.A12	nIN5
S87.D8	nIN5
O11.F1	nIN4
O11.G4	nIN4
O11.H5	nIN4
O11.H7	nIN4
O11.F12	nIN4
O13.F2	nIN4
O13.E4	nIN4
O13.B5	nIN4
O13.A10	nIN4
S1.A1	nIN4
S1.H4	nIN4
S1.H8	nIN4
S15.D3	nIN4
S20.B6	nIN4
S52.E12	nIN4
S25.C1	nIN4
S25.E2	nIN4
S25.F6	nIN4
S28.F1	nIN4
S28.G2	nIN4
S28.G3	nIN4
S28.G4	nIN4
S28.C9	nIN4
S28.A10	nIN4
S54.A10	nIN4
S88.H8	nIN4
S88.D10	nIN4
S88.A11	nIN4
O9.G10	INSTR
O11.B1	INSTR
O11.F2	INSTR
O11.G7	INSTR
O11.H9	INSTR
O13.A3	INSTR
O13.C12	INSTR
S1.A2	INSTR
S1.H2	INSTR
S1.F6	INSTR
S1.G6	INSTR
S1.C9	INSTR
S50.H8	INSTR
S17.D10	INSTR
S17.C11	INSTR
S15.B6	INSTR
S15.C6	INSTR
S15.E7	INSTR
S15.B8	INSTR
S15.D8	INSTR
S15.H8	INSTR
S15.C9	INSTR
S15.G9	INSTR
S15.D10	INSTR
S15.F10	INSTR
S15.A11	INSTR
S51.C8	INSTR
S51.C9	INSTR
S19.G12	INSTR
S20.A3	INSTR
S20.B5	INSTR
S25.B2	INSTR
S25.G2	INSTR
S25.H4	INSTR
S25.C5	INSTR
S41.A2	INSTR
S41.B5	INSTR
S41.A9	INSTR
S54.D10	INSTR
S80.A7	INSTR
S80.H8	INSTR
S82.E2	INSTR
S88.D7	INSTR
S88.E8	INSTR
S88.G10	INSTR
S87.B1	INSTR
S87.A2	INSTR
S87.B2	INSTR
S87.F2	INSTR
S87.H2	INSTR
S87.E3	INSTR
S87.G3	INSTR
S87.H3	INSTR
S87.A4	INSTR
S87.B4	INSTR
S87.B5	INSTR
S87.A7	INSTR
S87.B7	INSTR
S87.E7	INSTR
S87.A8	INSTR
S87.C8	INSTR
S87.D10	INSTR
S87.G10	INSTR
S87.H11	INSTR
S91.F6	INSTR
S91.F11	INSTR
S91.B12	INSTR
S91.C12	INSTR
S91.D12	INSTR
S92.B1	INSTR
S92.A2	INSTR
S92.B2	INSTR
S92.C2	INSTR
S92.A3	INSTR
S92.C3	INSTR
S95.F12	INSTR
S103.F4	INSTR
S103.G4	INSTR
S103.A7	INSTR
S103.H9	INSTR
S103.E10	INSTR
S189.E9	INSTR
S177.A2	INSTR
O11.F3	MGEdiv
O11.C4	MGEdiv
O11.F4	MGEdiv
O11.E5	MGEdiv
O11.A6	MGEdiv
O11.C6	MGEdiv
O11.E7	MGEdiv
O11.E9	MGEdiv
O11.C10	MGEdiv
O11.B11	MGEdiv
O11.D12	MGEdiv
O13.G1	MGEdiv
O13.B2	MGEdiv
O13.D2	MGEdiv
O13.F3	MGEdiv
O13.G3	MGEdiv
O13.H3	MGEdiv
O13.D4	MGEdiv
O13.G4	MGEdiv
O13.H5	MGEdiv
O13.A6	MGEdiv
O13.C6	MGEdiv
O13.E7	MGEdiv
O13.H7	MGEdiv
O13.A9	MGEdiv
O13.F9	MGEdiv
O13.E10	MGEdiv
O13.H10	MGEdiv
O13.F11	MGEdiv
O13.A12	MGEdiv
S50.E7	MGEdiv
S50.G7	MGEdiv
S17.F12	MGEdiv
S52.B8	MGEdiv
S15.E1	MGEdiv
S15.E3	MGEdiv
S15.H7	MGEdiv
S20.A4	MGEdiv
S20.E6	MGEdiv
S52.F10	MGEdiv
S52.E11	MGEdiv
S52.G11	MGEdiv
S25.H3	MGEdiv
S25.D6	MGEdiv
S25.D7	MGEdiv
S25.G7	MGEdiv
S25.G9	MGEdiv
S28.H7	MGEdiv
S28.E8	MGEdiv
S28.B9	MGEdiv
S41.A3	MGEdiv
S41.E9	MGEdiv
S54.H9	MGEdiv
S80.A8	MGEdiv
S80.E12	MGEdiv
S88.E11	MGEdiv
S92.D2	MGEdiv
Hi_GW21_5.Hi_GW21_5	tRG
Hi_GW16_17.Hi_GW16_17	tRG
Hi_GW16_20.Hi_GW16_20	tRG
Hi_GW16_25.Hi_GW16_25	tRG
O1.A1	tRG
O1.E1	tRG
O1.H1	tRG
O1.F2	tRG
O1.G7	tRG
O1.H9	tRG
O1.H10	tRG
O2.A1	tRG
O2.B1	tRG
O2.F1	tRG
O2.G9	tRG
O2.B10	tRG
O2.E11	tRG
O7.B1	tRG
O7.D1	tRG
O7.F4	tRG
O7.E5	tRG
O7.C6	tRG
O7.B9	tRG
O7.D11	tRG
O7.F11	tRG
O7.D12	tRG
O8.F8	tRG
O9.D2	tRG
O9.F4	tRG
O9.B5	tRG
O9.F5	tRG
O9.A6	tRG
O9.G9	tRG
O10.F6	tRG
O12.A12	tRG
O12.B8	tRG
O12.B10	tRG
S51.E1	tRG
S3.C2	tRG
S3.G3	tRG
S3.H3	tRG
S3.B6	tRG
S3.D8	tRG
S16.F4	tRG
S16.E5	tRG
S16.C6	tRG
S16.E6	tRG
S16.F6	tRG
S16.C7	tRG
S16.G8	tRG
S51.E10	tRG
S51.A11	tRG
S51.A12	tRG
S51.D12	tRG
S19.G4	tRG
S19.B7	tRG
S19.C10	tRG
S19.D11	tRG
S21.A1	tRG
S21.E5	tRG
S21.G6	tRG
S21.A10	tRG
S53.E4	tRG
S53.G4	tRG
S23.F7	tRG
S24.C9	tRG
S26.G8	tRG
S36.F1	tRG
S36.B10	tRG
S36.D11	tRG
S36.F11	tRG
S36.G11	tRG
S37.C8	tRG
S38.H2	tRG
S38.C3	tRG
S38.E4	tRG
S38.G4	tRG
S38.G5	tRG
S38.D6	tRG
S38.H6	tRG
S38.B8	tRG
S38.A9	tRG
S54.A12	tRG
S55.H4	tRG
S46.G5	tRG
S84.D11	tRG
S81.B3	tRG
S85.C4	tRG
S86.A3	tRG
S86.B6	tRG
S87.G11	tRG
S91.F1	tRG
S91.C2	tRG
S91.A3	tRG
S93.E8	tRG
S94.E2	tRG
S95.D1	tRG
S95.C9	tRG
S96.A3	tRG
S140.D7	tRG
S1.E9	ENPFC1
S1.B10	ENPFC1
S1.A12	ENPFC1
S2.G2	ENPFC1
S2.F9	ENPFC1
S2.C10	ENPFC1
S2.D12	ENPFC1
S50.A10	ENPFC1
S50.D10	ENPFC1
S50.A12	ENPFC1
S50.E12	ENPFC1
S51.D1	ENPFC1
S17.B2	ENPFC1
S17.D2	ENPFC1
S17.H2	ENPFC1
S17.E6	ENPFC1
S17.H6	ENPFC1
S17.B7	ENPFC1
S17.F7	ENPFC1
S17.E8	ENPFC1
S17.H9	ENPFC1
S52.G4	ENPFC1
S52.B5	ENPFC1
S52.H5	ENPFC1
S19.A8	ENPFC1
S19.B8	ENPFC1
S19.D8	ENPFC1
S19.B10	ENPFC1
S21.H4	ENPFC1
S53.B5	ENPFC1
S22.G8	ENPFC1
S23.G1	ENPFC1
S23.G5	ENPFC1
S23.H5	ENPFC1
S23.B9	ENPFC1
S23.D9	ENPFC1
S23.A10	ENPFC1
S23.D10	ENPFC1
S23.G10	ENPFC1
S24.H1	ENPFC1
S24.G2	ENPFC1
S24.H2	ENPFC1
S24.A3	ENPFC1
S24.B3	ENPFC1
S24.C4	ENPFC1
S24.E4	ENPFC1
S24.G4	ENPFC1
S24.H4	ENPFC1
S24.E5	ENPFC1
S24.H5	ENPFC1
S24.G6	ENPFC1
S24.C7	ENPFC1
S24.D7	ENPFC1
S24.A8	ENPFC1
S24.C8	ENPFC1
S24.E8	ENPFC1
S24.F9	ENPFC1
S24.B10	ENPFC1
S24.E10	ENPFC1
S24.F11	ENPFC1
S24.G12	ENPFC1
S24.H12	ENPFC1
S82.B3	ENPFC1
S82.A5	ENPFC1
S82.F5	ENPFC1
S82.G5	ENPFC1
S82.H5	ENPFC1
S82.C6	ENPFC1
S82.D7	ENPFC1
S82.F7	ENPFC1
S82.A8	ENPFC1
S82.C8	ENPFC1
S82.D8	ENPFC1
S82.F8	ENPFC1
S82.G8	ENPFC1
S82.H8	ENPFC1
S82.F9	ENPFC1
S82.E10	ENPFC1
S82.B11	ENPFC1
S82.E12	ENPFC1
S82.F12	ENPFC1
S83.D1	ENPFC1
S84.A9	ENPFC1
S84.E9	ENPFC1
S84.B11	ENPFC1
S88.F1	ENPFC1
S88.H2	ENPFC1
S88.H3	ENPFC1
S88.A4	ENPFC1
S88.G4	ENPFC1
S91.E6	ENPFC1
S91.D7	ENPFC1
S94.G9	ENPFC1
S23.A12	RGearly
S189.A1	RGearly
S189.G3	RGearly
S189.B4	RGearly
S189.C4	RGearly
S189.E4	RGearly
S189.C5	RGearly
S189.E5	RGearly
S189.E6	RGearly
S189.H7	RGearly
S189.H9	RGearly
S189.D10	RGearly
S189.A11	RGearly
S189.D11	RGearly
S189.G11	RGearly
S189.C12	RGearly
S189.F12	RGearly
S190.D1	RGearly
S190.H1	RGearly
S190.C2	RGearly
S190.B3	RGearly
S190.D3	RGearly
S190.F3	RGearly
S190.H3	RGearly
S190.E4	RGearly
S190.F4	RGearly
S190.A5	RGearly
S190.C5	RGearly
S190.C6	RGearly
S190.A7	RGearly
S190.B7	RGearly
S190.C7	RGearly
S190.E7	RGearly
S190.F7	RGearly
S190.F8	RGearly
S190.D9	RGearly
S190.H9	RGearly
S190.A10	RGearly
S190.C10	RGearly
S190.D10	RGearly
S190.F11	RGearly
S190.H11	RGearly
S190.A12	RGearly
S190.E12	RGearly
S190.F12	RGearly
S190.H12	RGearly
S222.C6	RGearly
S222.E11	RGearly
S222.F4	RGearly
S222.G6	RGearly
S222.G8	RGearly
S222.H4	RGearly
S222.H7	RGearly
Hi_GW16_24.Hi_GW16_24	IPCnEN1
O1.B1	IPCnEN1
O1.B6	IPCnEN1
O1.B10	IPCnEN1
O1.G11	IPCnEN1
O1.A12	IPCnEN1
O2.E5	IPCnEN1
O2.C8	IPCnEN1
O2.A10	IPCnEN1
O2.D11	IPCnEN1
O4.H1	IPCnEN1
O4.B6	IPCnEN1
O4.A7	IPCnEN1
O4.A8	IPCnEN1
O4.H12	IPCnEN1
O7.C1	IPCnEN1
O7.A3	IPCnEN1
O7.D3	IPCnEN1
O7.F3	IPCnEN1
O7.F7	IPCnEN1
O7.C11	IPCnEN1
O9.C4	IPCnEN1
O9.E4	IPCnEN1
O10.H1	IPCnEN1
O12.A2	IPCnEN1
S2.A2	IPCnEN1
S51.H1	IPCnEN1
S3.F1	IPCnEN1
S3.G2	IPCnEN1
S3.E3	IPCnEN1
S51.H11	IPCnEN1
S19.C4	IPCnEN1
S53.D3	IPCnEN1
S26.B3	IPCnEN1
S27.G4	IPCnEN1
S35.A7	IPCnEN1
S36.D12	IPCnEN1
S37.E1	IPCnEN1
S37.E2	IPCnEN1
S38.C1	IPCnEN1
S38.E3	IPCnEN1
S38.H3	IPCnEN1
S38.C4	IPCnEN1
S38.D11	IPCnEN1
S42.B1	IPCnEN1
S42.D1	IPCnEN1
S42.G1	IPCnEN1
S42.B2	IPCnEN1
S55.F1	IPCnEN1
S42.B12	IPCnEN1
S42.G12	IPCnEN1
S44.D8	IPCnEN1
S44.D9	IPCnEN1
S45.E5	IPCnEN1
S46.C10	IPCnEN1
S47.G1	IPCnEN1
S47.G10	IPCnEN1
S82.G6	IPCnEN1
S82.A7	IPCnEN1
S84.D8	IPCnEN1
S88.D3	IPCnEN1
S81.C10	IPCnEN1
S85.A7	IPCnEN1
S86.D9	IPCnEN1
S91.F8	IPCnEN1
S94.D6	IPCnEN1
S177.C1	IPCnEN1
S177.C11	IPCnEN1
O4.G1	IPCnEN2
O4.C4	IPCnEN2
O10.F1	IPCnEN2
O10.G1	IPCnEN2
O10.A8	IPCnEN2
O10.E8	IPCnEN2
O10.F11	IPCnEN2
S51.F1	IPCnEN2
S2.H12	IPCnEN2
S3.D1	IPCnEN2
S3.A2	IPCnEN2
S3.E2	IPCnEN2
S3.F2	IPCnEN2
S3.H4	IPCnEN2
S3.A5	IPCnEN2
S3.G5	IPCnEN2
S3.A6	IPCnEN2
S3.E6	IPCnEN2
S3.G6	IPCnEN2
S3.H7	IPCnEN2
S3.A8	IPCnEN2
S3.B8	IPCnEN2
S3.A9	IPCnEN2
S3.D9	IPCnEN2
S3.F9	IPCnEN2
S51.F3	IPCnEN2
S51.H3	IPCnEN2
S51.A4	IPCnEN2
S51.B4	IPCnEN2
S51.D4	IPCnEN2
S16.C1	IPCnEN2
S16.D4	IPCnEN2
S16.C10	IPCnEN2
S16.D11	IPCnEN2
S52.F1	IPCnEN2
S52.G1	IPCnEN2
S52.B2	IPCnEN2
S52.H2	IPCnEN2
S19.G8	IPCnEN2
S20.H1	IPCnEN2
S20.A9	IPCnEN2
S20.G9	IPCnEN2
S20.H10	IPCnEN2
S20.A12	IPCnEN2
S21.F1	IPCnEN2
S21.H3	IPCnEN2
S21.B6	IPCnEN2
S21.D7	IPCnEN2
S21.F8	IPCnEN2
S21.A9	IPCnEN2
S21.B10	IPCnEN2
S52.F12	IPCnEN2
S53.E1	IPCnEN2
S53.H1	IPCnEN2
S53.A2	IPCnEN2
S53.E2	IPCnEN2
S53.G3	IPCnEN2
S53.A4	IPCnEN2
S23.C9	IPCnEN2
S24.A4	IPCnEN2
S36.A8	IPCnEN2
S55.A5	IPCnEN2
S56.C1	IPCnEN2
S82.B5	IPCnEN2
S81.H4	IPCnEN2
S86.C1	IPCnEN2
S86.C11	IPCnEN2
S91.G6	IPCnEN2
S94.B2	IPCnEN2
S94.G4	IPCnEN2
S94.D5	IPCnEN2
S95.H3	IPCnEN2
S95.H4	IPCnEN2
S95.C8	IPCnEN2
S96.C8	IPCnEN2
S140.B6	IPCnEN2
O1.F4	IPCnEN3
O1.G5	IPCnEN3
O1.H12	IPCnEN3
O2.A3	IPCnEN3
O2.A4	IPCnEN3
O2.C6	IPCnEN3
O2.F9	IPCnEN3
O4.C8	IPCnEN3
O7.F1	IPCnEN3
O7.D4	IPCnEN3
O7.A8	IPCnEN3
O7.A9	IPCnEN3
O9.D1	IPCnEN3
O9.D12	IPCnEN3
O10.E1	IPCnEN3
O12.B12	IPCnEN3
O12.G8	IPCnEN3
S3.G1	IPCnEN3
S51.E3	IPCnEN3
S17.A1	IPCnEN3
S19.A6	IPCnEN3
S21.A5	IPCnEN3
S24.D9	IPCnEN3
S36.E11	IPCnEN3
S38.D4	IPCnEN3
S38.E7	IPCnEN3
S42.H11	IPCnEN3
S56.A2	IPCnEN3
S82.G1	IPCnEN3
S82.G10	IPCnEN3
S92.G7	IPCnEN3
S93.B1	IPCnEN3
S93.B6	IPCnEN3
S93.H6	IPCnEN3
S93.B9	IPCnEN3
S93.B10	IPCnEN3
S140.C3	IPCnEN3
S140.C6	IPCnEN3
S140.A10	IPCnEN3
